Observation,Energy
50001,46.3089485168457
50002,95.04513549804688
50003,56.337833404541016
50004,70.08072662353516
50005,43.2852668762207
50006,76.81056213378906
50007,126.1788101196289
50008,28.619304656982422
50009,189.1028289794922
50010,103.34445190429688
50011,35.491634368896484
50012,69.34183502197266
50013,45.15531921386719
50014,63.49563980102539
50015,50.09685134887695
50016,80.96146392822266
50017,51.0853157043457
50018,428.85943603515625
50019,45.497718811035156
50020,60.93425369262695
50021,66.19783782958984
50022,241.28343200683594
50023,113.70477294921875
50024,57.45248031616211
50025,49.55051040649414
50026,60.42946243286133
50027,257.04058837890625
50028,266.5762939453125
50029,40.85740280151367
50030,47.487178802490234
50031,54.919036865234375
50032,54.84589385986328
50033,52.07550048828125
50034,50.75889587402344
50035,149.1560516357422
50036,44.834449768066406
50037,61.78361511230469
50038,88.53972625732422
50039,112.6811294555664
50040,29.872343063354492
50041,52.872901916503906
50042,37.7026481628418
50043,42.03262710571289
50044,83.79705047607422
50045,89.91950225830078
50046,62.55295181274414
50047,48.11616134643555
50048,70.06452941894531
50049,44.514434814453125
50050,95.68514251708984
50051,133.4687042236328
50052,49.16290283203125
50053,22.755308151245117
50054,245.7372283935547
50055,134.844970703125
50056,52.6998405456543
50057,36.38294982910156
50058,145.06625366210938
50059,48.6914176940918
50060,471.3966369628906
50061,34.26658630371094
50062,40.61678695678711
50063,43.29115295410156
50064,61.39065933227539
50065,39.48076629638672
50066,66.70381164550781
50067,137.1377716064453
50068,38.704036712646484
50069,198.1399688720703
50070,55.66659927368164
50071,145.93580627441406
50072,122.87150573730469
50073,229.98150634765625
50074,43.967430114746094
50075,45.65764236450195
50076,47.51171875
50077,44.918968200683594
50078,118.76316833496094
50079,118.12713623046875
50080,35.7986946105957
50081,60.94206237792969
50082,47.65129470825195
50083,46.478431701660156
50084,48.45649337768555
50085,48.28929138183594
50086,65.38154602050781
50087,146.16653442382812
50088,57.01267623901367
50089,33.06388854980469
50090,198.60887145996094
50091,64.03099060058594
50092,64.04795837402344
50093,164.79275512695312
50094,171.24513244628906
50095,56.463714599609375
50096,58.39194869995117
50097,48.522396087646484
50098,56.8215217590332
50099,88.1829833984375
50100,109.34246826171875
50101,32.748714447021484
50102,44.74460983276367
50103,70.92417907714844
50104,80.60360717773438
50105,91.94990539550781
50106,61.405296325683594
50107,52.373722076416016
50108,159.83563232421875
50109,60.04727554321289
50110,60.8896598815918
50111,48.275115966796875
50112,138.16455078125
50113,50.90487289428711
50114,55.385318756103516
50115,71.09423065185547
50116,47.58332824707031
50117,59.169620513916016
50118,75.293701171875
50119,144.0437469482422
50120,151.54550170898438
50121,210.46646118164062
50122,70.96827697753906
50123,65.41582489013672
50124,58.77557373046875
50125,38.12092971801758
50126,212.91226196289062
50127,90.09147644042969
50128,42.08948516845703
50129,101.95738983154297
50130,54.63633728027344
50131,187.32681274414062
50132,59.25225067138672
50133,58.280982971191406
50134,184.812255859375
50135,47.155311584472656
50136,226.56336975097656
50137,362.8551940917969
50138,65.23271942138672
50139,48.58970642089844
50140,50.660823822021484
50141,479.2344665527344
50142,230.61839294433594
50143,55.812950134277344
50144,98.29878234863281
50145,91.8113021850586
50146,42.65548324584961
50147,57.63505935668945
50148,124.31468200683594
50149,81.44132232666016
50150,73.85697937011719
50151,225.29647827148438
50152,59.06955337524414
50153,130.92616271972656
50154,46.349464416503906
50155,105.12355041503906
50156,83.98633575439453
50157,91.49366760253906
50158,119.11170959472656
50159,43.38650131225586
50160,53.86555862426758
50161,63.918582916259766
50162,48.905921936035156
50163,87.65753173828125
50164,68.08686828613281
50165,146.693359375
50166,91.64501953125
50167,122.27783203125
50168,140.5891571044922
50169,59.92435073852539
50170,46.67538833618164
50171,63.1709098815918
50172,58.249874114990234
50173,43.69453048706055
50174,53.65189743041992
50175,93.78885650634766
50176,146.73446655273438
50177,56.91368865966797
50178,65.10577392578125
50179,48.138858795166016
50180,55.74167251586914
50181,211.35398864746094
50182,60.506866455078125
50183,48.80923843383789
50184,60.27346420288086
50185,61.2574462890625
50186,77.04655456542969
50187,195.68629455566406
50188,50.20103454589844
50189,68.7415771484375
50190,124.85295867919922
50191,79.81571960449219
50192,43.994834899902344
50193,57.03544998168945
50194,128.53016662597656
50195,66.70994567871094
50196,59.76978302001953
50197,20.267879486083984
50198,212.64187622070312
50199,80.69061279296875
50200,241.7632598876953
50201,60.27465057373047
50202,57.81388473510742
50203,529.9793090820312
50204,47.843265533447266
50205,78.473876953125
50206,111.6093978881836
50207,55.436729431152344
50208,123.61804962158203
50209,132.28451538085938
50210,79.3897933959961
50211,48.66027069091797
50212,55.46894073486328
50213,303.6095275878906
50214,55.49713134765625
50215,138.25270080566406
50216,46.94476318359375
50217,27.75692367553711
50218,47.612091064453125
50219,153.53846740722656
50220,53.497074127197266
50221,93.71731567382812
50222,52.595245361328125
50223,21.88801383972168
50224,187.0660858154297
50225,67.59387969970703
50226,102.62712860107422
50227,100.07341766357422
50228,69.70829010009766
50229,58.308616638183594
50230,191.47705078125
50231,678.6548461914062
50232,448.2525939941406
50233,57.170230865478516
50234,134.0840606689453
50235,208.72203063964844
50236,102.1459732055664
50237,60.71419143676758
50238,70.61416625976562
50239,46.33934783935547
50240,82.92015838623047
50241,41.74070739746094
50242,63.61798858642578
50243,60.80137252807617
50244,73.63072204589844
50245,31.171005249023438
50246,184.929931640625
50247,92.24310302734375
50248,94.14630889892578
50249,250.56207275390625
50250,118.81364440917969
50251,30.659032821655273
50252,133.1089630126953
50253,177.45486450195312
50254,101.69563293457031
50255,70.49961853027344
50256,72.86190032958984
50257,66.88124084472656
50258,332.5224914550781
50259,62.022987365722656
50260,121.178466796875
50261,129.85548400878906
50262,32.54421615600586
50263,76.39111328125
50264,69.2421875
50265,40.931549072265625
50266,47.34455490112305
50267,59.661197662353516
50268,102.21665954589844
50269,70.46723937988281
50270,151.24188232421875
50271,108.42970275878906
50272,111.43571472167969
50273,107.69964599609375
50274,80.11097717285156
50275,37.592430114746094
50276,42.33751678466797
50277,297.5094909667969
50278,62.33702850341797
50279,49.888206481933594
50280,45.70193862915039
50281,68.85445404052734
50282,56.047279357910156
50283,97.24859619140625
50284,82.6738510131836
50285,62.85837173461914
50286,91.53530883789062
50287,50.046085357666016
50288,84.5820541381836
50289,78.5859375
50290,45.794654846191406
50291,58.55425262451172
50292,39.13818359375
50293,32.75225067138672
50294,47.428958892822266
50295,192.66033935546875
50296,91.5272216796875
50297,231.1837615966797
50298,64.06079864501953
50299,69.46382141113281
50300,149.7716522216797
50301,79.9627456665039
50302,101.26097869873047
50303,88.62605285644531
50304,156.0410919189453
50305,43.402587890625
50306,145.55947875976562
50307,44.80870056152344
50308,69.84306335449219
50309,61.64876937866211
50310,54.69020080566406
50311,114.01459503173828
50312,57.99228286743164
50313,84.31999206542969
50314,103.53361511230469
50315,45.077186584472656
50316,120.0306625366211
50317,62.07242965698242
50318,62.63764190673828
50319,59.453433990478516
50320,59.610755920410156
50321,90.60892486572266
50322,299.2138366699219
50323,55.610172271728516
50324,52.280029296875
50325,119.5361328125
50326,92.14781188964844
50327,94.00496673583984
50328,70.85298919677734
50329,34.556732177734375
50330,51.720245361328125
50331,71.73574829101562
50332,83.81430053710938
50333,63.68193054199219
50334,70.96846008300781
50335,252.0478515625
50336,51.7726936340332
50337,154.07501220703125
50338,52.936866760253906
50339,28.334022521972656
50340,60.41920471191406
50341,30.223133087158203
50342,47.2556266784668
50343,36.64051818847656
50344,60.276954650878906
50345,49.490657806396484
50346,201.74661254882812
50347,59.205322265625
50348,75.8611831665039
50349,57.272125244140625
50350,102.64620971679688
50351,31.732126235961914
50352,86.59588623046875
50353,355.1356201171875
50354,35.61897659301758
50355,54.614707946777344
50356,113.90263366699219
50357,316.87738037109375
50358,60.893672943115234
50359,65.47517395019531
50360,80.80901336669922
50361,109.2412109375
50362,79.2275161743164
50363,40.77836227416992
50364,94.84400177001953
50365,29.656118392944336
50366,38.5772819519043
50367,93.00241088867188
50368,246.54678344726562
50369,35.747657775878906
50370,98.95059967041016
50371,432.65338134765625
50372,83.66320037841797
50373,181.60215759277344
50374,100.11312103271484
50375,498.19427490234375
50376,107.18418884277344
50377,83.38370513916016
50378,97.84400177001953
50379,67.0459976196289
50380,405.0668029785156
50381,90.88878631591797
50382,92.08024597167969
50383,37.18408203125
50384,57.74186325073242
50385,55.63164520263672
50386,61.387447357177734
50387,76.94760131835938
50388,37.436031341552734
50389,30.8697452545166
50390,58.8985710144043
50391,132.31228637695312
50392,27.812713623046875
50393,64.93548583984375
50394,62.32882308959961
50395,91.13602447509766
50396,77.50874328613281
50397,57.34086608886719
50398,95.7481689453125
50399,65.47913360595703
50400,36.646427154541016
50401,57.64618682861328
50402,64.06985473632812
50403,79.0451889038086
50404,58.5336799621582
50405,31.58538246154785
50406,139.40196228027344
50407,77.21781158447266
50408,185.85752868652344
50409,153.79595947265625
50410,201.56434631347656
50411,44.787532806396484
50412,99.93380737304688
50413,41.55448913574219
50414,97.7645263671875
50415,96.22530364990234
50416,41.1441650390625
50417,68.08545684814453
50418,76.88162231445312
50419,28.80159568786621
50420,160.1033172607422
50421,88.81390380859375
50422,44.03167724609375
50423,67.18108367919922
50424,57.763301849365234
50425,294.0299377441406
50426,126.49297332763672
50427,45.6425666809082
50428,113.32604217529297
50429,116.37737274169922
50430,129.19032287597656
50431,69.52864837646484
50432,73.2547607421875
50433,31.963382720947266
50434,56.51152420043945
50435,63.31364822387695
50436,58.95620346069336
50437,74.9523696899414
50438,114.2679672241211
50439,241.02590942382812
50440,47.13956832885742
50441,65.33972930908203
50442,54.0397834777832
50443,49.0264892578125
50444,93.681640625
50445,475.94036865234375
50446,79.1956787109375
50447,36.33466720581055
50448,44.84405517578125
50449,62.909393310546875
50450,101.8903579711914
50451,250.8284454345703
50452,41.28074264526367
50453,48.14908981323242
50454,66.0883560180664
50455,48.91935729980469
50456,68.37635803222656
50457,52.70131301879883
50458,73.18701171875
50459,98.19926452636719
50460,78.69269561767578
50461,44.18750762939453
50462,246.94595336914062
50463,73.45584869384766
50464,119.2872085571289
50465,31.349315643310547
50466,104.90222930908203
50467,254.86093139648438
50468,174.63299560546875
50469,38.244224548339844
50470,39.79240798950195
50471,68.69624328613281
50472,33.814823150634766
50473,112.21438598632812
50474,104.17532348632812
50475,46.97816848754883
50476,50.88621520996094
50477,55.74802780151367
50478,89.78528594970703
50479,67.50517272949219
50480,68.26822662353516
50481,76.4925537109375
50482,149.05535888671875
50483,35.827484130859375
50484,66.70003509521484
50485,322.18231201171875
50486,48.1877555847168
50487,61.94369125366211
50488,119.30166625976562
50489,386.43695068359375
50490,66.30142974853516
50491,137.82260131835938
50492,147.7708282470703
50493,47.84899139404297
50494,73.37183380126953
50495,62.4480094909668
50496,65.65562438964844
50497,52.1452751159668
50498,71.27526092529297
50499,88.8362808227539
50500,35.01759719848633
50501,61.82911682128906
50502,27.95334243774414
50503,83.1682357788086
50504,48.99665451049805
50505,26.99825668334961
50506,44.066158294677734
50507,49.26738739013672
50508,52.049713134765625
50509,60.032291412353516
50510,47.972286224365234
50511,41.62619400024414
50512,53.37010192871094
50513,61.76871871948242
50514,73.75980377197266
50515,85.27601623535156
50516,106.66484069824219
50517,85.68711853027344
50518,62.825103759765625
50519,127.1058120727539
50520,197.3061981201172
50521,96.82832336425781
50522,82.47065734863281
50523,91.38130187988281
50524,35.39377212524414
50525,67.5777816772461
50526,127.62689208984375
50527,36.842018127441406
50528,90.69072723388672
50529,153.09750366210938
50530,39.725318908691406
50531,56.86520004272461
50532,253.94789123535156
50533,60.76437759399414
50534,59.92750930786133
50535,101.70345306396484
50536,63.43160629272461
50537,43.76002883911133
50538,123.13782501220703
50539,158.83758544921875
50540,39.16648483276367
50541,50.19666290283203
50542,63.55978012084961
50543,44.415531158447266
50544,74.50807189941406
50545,159.41195678710938
50546,39.965694427490234
50547,97.39868927001953
50548,58.6787109375
50549,53.493324279785156
50550,47.03738784790039
50551,59.56766891479492
50552,86.35497283935547
50553,226.37168884277344
50554,59.615413665771484
50555,73.7373275756836
50556,67.02203369140625
50557,30.707048416137695
50558,156.4328155517578
50559,120.70553588867188
50560,110.99663543701172
50561,361.5853271484375
50562,159.12652587890625
50563,59.451438903808594
50564,57.795066833496094
50565,59.577354431152344
50566,523.1181640625
50567,116.87364196777344
50568,42.5926513671875
50569,38.08369064331055
50570,58.213050842285156
50571,271.4766540527344
50572,272.3459167480469
50573,71.34227752685547
50574,66.20744323730469
50575,50.77777862548828
50576,58.080322265625
50577,46.3513069152832
50578,78.8835220336914
50579,132.72921752929688
50580,88.69559478759766
50581,36.69834518432617
50582,28.70314598083496
50583,58.14207458496094
50584,65.76275634765625
50585,71.31163024902344
50586,95.38896942138672
50587,51.79756164550781
50588,26.305797576904297
50589,134.8080596923828
50590,65.82149505615234
50591,131.87881469726562
50592,74.52579498291016
50593,56.03120040893555
50594,47.88212966918945
50595,44.88642501831055
50596,59.18625259399414
50597,105.71022033691406
50598,166.12625122070312
50599,68.77616882324219
50600,48.1168098449707
50601,54.618221282958984
50602,475.67132568359375
50603,45.27003479003906
50604,97.77644348144531
50605,58.329864501953125
50606,43.33845520019531
50607,47.86556625366211
50608,81.13288116455078
50609,60.962074279785156
50610,50.83784866333008
50611,42.469112396240234
50612,59.05613327026367
50613,72.45801544189453
50614,32.320335388183594
50615,56.4195556640625
50616,77.47527313232422
50617,82.2070541381836
50618,51.79380798339844
50619,60.72060012817383
50620,70.96137237548828
50621,126.81983947753906
50622,161.8672332763672
50623,86.73616790771484
50624,68.98614501953125
50625,124.09073638916016
50626,120.29167938232422
50627,87.1210708618164
50628,68.19434356689453
50629,174.5732421875
50630,42.019386291503906
50631,481.13482666015625
50632,120.68011474609375
50633,82.57954406738281
50634,359.85894775390625
50635,141.16310119628906
50636,262.7838439941406
50637,60.72401428222656
50638,77.64132690429688
50639,37.54664993286133
50640,141.86151123046875
50641,44.783721923828125
50642,30.32329559326172
50643,62.864288330078125
50644,42.92886734008789
50645,74.922607421875
50646,180.50013732910156
50647,111.12646484375
50648,49.30249786376953
50649,64.59349822998047
50650,67.73432922363281
50651,67.71195220947266
50652,42.54548645019531
50653,58.19119644165039
50654,54.748573303222656
50655,51.67787551879883
50656,50.36117172241211
50657,207.92189025878906
50658,93.63675689697266
50659,125.33956909179688
50660,103.0693359375
50661,41.079933166503906
50662,41.788230895996094
50663,40.757591247558594
50664,69.74855041503906
50665,47.40439987182617
50666,61.34609603881836
50667,120.37574005126953
50668,30.163124084472656
50669,117.5870361328125
50670,295.9552917480469
50671,40.8314094543457
50672,69.17922973632812
50673,66.9029312133789
50674,40.510440826416016
50675,124.3651123046875
50676,33.09166717529297
50677,38.80368423461914
50678,99.46463012695312
50679,99.75627899169922
50680,81.51954650878906
50681,127.84123992919922
50682,44.08051300048828
50683,76.14897918701172
50684,75.30431365966797
50685,145.59169006347656
50686,45.62258529663086
50687,142.816650390625
50688,40.252315521240234
50689,41.416831970214844
50690,26.5325984954834
50691,67.45603942871094
50692,260.73663330078125
50693,62.70943832397461
50694,70.01536560058594
50695,318.95245361328125
50696,63.905025482177734
50697,98.83370971679688
50698,159.36045837402344
50699,73.06366729736328
50700,53.345252990722656
50701,100.2766342163086
50702,320.99395751953125
50703,58.50823211669922
50704,34.230899810791016
50705,52.48623275756836
50706,55.59538269042969
50707,55.0510368347168
50708,184.9696807861328
50709,40.87055206298828
50710,45.409027099609375
50711,153.57452392578125
50712,66.14684295654297
50713,39.06224060058594
50714,119.14225769042969
50715,105.75145721435547
50716,55.60938262939453
50717,48.78263854980469
50718,205.0625
50719,67.1294174194336
50720,79.7224349975586
50721,83.89075469970703
50722,116.74614715576172
50723,52.40261459350586
50724,46.24396514892578
50725,112.33113098144531
50726,46.843624114990234
50727,68.9013671875
50728,294.8323669433594
50729,47.12038040161133
50730,209.6100311279297
50731,421.5091552734375
50732,87.42808532714844
50733,32.2658576965332
50734,340.7978210449219
50735,127.66435241699219
50736,141.79708862304688
50737,52.759029388427734
50738,120.17283630371094
50739,21.06868553161621
50740,60.0715217590332
50741,53.528228759765625
50742,118.65635681152344
50743,207.83311462402344
50744,58.214447021484375
50745,19.515336990356445
50746,141.17823791503906
50747,62.76224899291992
50748,207.85232543945312
50749,62.086517333984375
50750,75.77069091796875
50751,48.20779037475586
50752,187.84608459472656
50753,77.53484344482422
50754,22.207550048828125
50755,42.79000473022461
50756,88.43495178222656
50757,30.530590057373047
50758,44.83278274536133
50759,158.86236572265625
50760,42.82216262817383
50761,75.71165466308594
50762,48.98501205444336
50763,38.826988220214844
50764,48.583065032958984
50765,44.1130256652832
50766,57.752525329589844
50767,57.42527770996094
50768,56.51285934448242
50769,31.009923934936523
50770,56.580081939697266
50771,50.968589782714844
50772,119.13710021972656
50773,50.786380767822266
50774,98.49320983886719
50775,40.549964904785156
50776,119.55860137939453
50777,95.2348403930664
50778,144.93760681152344
50779,265.8548889160156
50780,82.68644714355469
50781,48.337467193603516
50782,26.588428497314453
50783,160.65150451660156
50784,145.92250061035156
50785,73.70159912109375
50786,57.61820602416992
50787,79.34929656982422
50788,172.625244140625
50789,51.606449127197266
50790,61.34769821166992
50791,60.18761444091797
50792,73.2092056274414
50793,39.694419860839844
50794,68.56462097167969
50795,46.3523063659668
50796,70.9041519165039
50797,64.0664291381836
50798,225.28155517578125
50799,209.57803344726562
50800,89.99840545654297
50801,370.833984375
50802,120.37940216064453
50803,77.8124771118164
50804,118.11206817626953
50805,164.2066650390625
50806,37.43207550048828
50807,66.291015625
50808,117.74502563476562
50809,82.15196990966797
50810,119.68224334716797
50811,38.21828079223633
50812,194.51556396484375
50813,114.61771392822266
50814,374.64947509765625
50815,80.65597534179688
50816,35.6746940612793
50817,97.50963592529297
50818,127.28791046142578
50819,68.60826110839844
50820,145.19627380371094
50821,44.7991943359375
50822,128.78480529785156
50823,55.76124954223633
50824,395.8321838378906
50825,76.8393783569336
50826,88.5718994140625
50827,154.3241424560547
50828,44.46266174316406
50829,61.02043533325195
50830,52.85022735595703
50831,138.5752716064453
50832,108.77146911621094
50833,39.822025299072266
50834,73.03413391113281
50835,44.65621566772461
50836,47.66269302368164
50837,160.1265106201172
50838,50.84116744995117
50839,73.91866302490234
50840,45.233638763427734
50841,188.9759979248047
50842,40.4922981262207
50843,112.8030776977539
50844,80.16246032714844
50845,53.781593322753906
50846,38.339698791503906
50847,80.67089080810547
50848,66.47986602783203
50849,50.254459381103516
50850,58.076229095458984
50851,33.855743408203125
50852,81.51445007324219
50853,34.87289047241211
50854,58.59358596801758
50855,80.33805847167969
50856,108.18375396728516
50857,68.51233673095703
50858,48.00356674194336
50859,47.16018295288086
50860,37.9613037109375
50861,107.49202728271484
50862,65.96375274658203
50863,206.2351837158203
50864,72.69805908203125
50865,225.6204833984375
50866,76.6011734008789
50867,69.11951446533203
50868,82.33244323730469
50869,55.8805046081543
50870,39.58481216430664
50871,63.41207504272461
50872,53.78075408935547
50873,131.0123748779297
50874,44.971744537353516
50875,75.81556701660156
50876,333.19573974609375
50877,82.99003601074219
50878,97.02033996582031
50879,106.74971008300781
50880,107.85294342041016
50881,56.96867752075195
50882,282.6629638671875
50883,115.05013275146484
50884,48.681575775146484
50885,129.17559814453125
50886,260.2533874511719
50887,108.30839538574219
50888,24.948453903198242
50889,301.0913391113281
50890,73.96497344970703
50891,65.40961456298828
50892,35.69511413574219
50893,118.9479751586914
50894,54.16364669799805
50895,52.08864974975586
50896,91.14363098144531
50897,103.29719543457031
50898,66.66178131103516
50899,52.924739837646484
50900,164.7286376953125
50901,47.66090393066406
50902,102.59919738769531
50903,50.54668045043945
50904,53.42008590698242
50905,60.940216064453125
50906,43.65443420410156
50907,71.8741683959961
50908,58.56965637207031
50909,67.50721740722656
50910,201.1098175048828
50911,69.75575256347656
50912,45.965755462646484
50913,72.31976318359375
50914,170.91224670410156
50915,62.354957580566406
50916,74.96231842041016
50917,140.47213745117188
50918,90.26895904541016
50919,108.8118896484375
50920,55.15425109863281
50921,296.1789245605469
50922,239.34466552734375
50923,199.1004180908203
50924,147.09271240234375
50925,56.813323974609375
50926,145.35873413085938
50927,62.60578155517578
50928,79.70574951171875
50929,59.14207077026367
50930,57.42710494995117
50931,55.80491256713867
50932,79.45928192138672
50933,33.289093017578125
50934,102.71089172363281
50935,141.30816650390625
50936,28.56635284423828
50937,63.718841552734375
50938,122.74156188964844
50939,13.124703407287598
50940,43.19910430908203
50941,35.80668258666992
50942,90.53007507324219
50943,60.67668914794922
50944,153.18983459472656
50945,45.28692626953125
50946,38.31486129760742
50947,54.40618133544922
50948,78.5649185180664
50949,46.680274963378906
50950,85.85343170166016
50951,52.81755447387695
50952,51.71379089355469
50953,84.85240173339844
50954,48.66202926635742
50955,200.70201110839844
50956,59.59772872924805
50957,47.286460876464844
50958,154.59783935546875
50959,47.18067932128906
50960,360.0887451171875
50961,40.437767028808594
50962,143.9964141845703
50963,67.50446319580078
50964,233.92237854003906
50965,40.9234619140625
50966,58.93418884277344
50967,175.95213317871094
50968,88.01904296875
50969,57.774654388427734
50970,228.37533569335938
50971,36.20561218261719
50972,47.39252471923828
50973,91.31159210205078
50974,119.0052719116211
50975,120.34886169433594
50976,75.25257110595703
50977,36.83127212524414
50978,68.47422790527344
50979,52.505096435546875
50980,39.92527770996094
50981,50.342899322509766
50982,87.14801025390625
50983,377.2037658691406
50984,91.58629608154297
50985,59.34720230102539
50986,93.49201202392578
50987,80.70597839355469
50988,71.30265808105469
50989,180.84556579589844
50990,45.296024322509766
50991,48.1984748840332
50992,82.85968017578125
50993,82.40011596679688
50994,46.33864974975586
50995,66.87358093261719
50996,51.52080535888672
50997,110.09882354736328
50998,53.23411178588867
50999,113.20048522949219
51000,54.20439910888672
51001,111.40055084228516
51002,77.52230834960938
51003,63.3874626159668
51004,52.97953414916992
51005,166.68588256835938
51006,53.16792678833008
51007,53.8192138671875
51008,105.9925537109375
51009,36.83951187133789
51010,395.3661804199219
51011,58.26475143432617
51012,63.16048049926758
51013,34.4647216796875
51014,118.96524047851562
51015,72.92150115966797
51016,100.27040100097656
51017,34.958499908447266
51018,77.62953186035156
51019,65.86495971679688
51020,58.502464294433594
51021,49.22294235229492
51022,218.6343994140625
51023,43.8207893371582
51024,133.20565795898438
51025,30.574514389038086
51026,149.5761260986328
51027,61.92926788330078
51028,65.1410140991211
51029,62.42359161376953
51030,141.1868133544922
51031,38.96837615966797
51032,146.30149841308594
51033,52.96278381347656
51034,348.2211608886719
51035,67.12012481689453
51036,39.02139663696289
51037,271.2324523925781
51038,29.52682113647461
51039,141.2306365966797
51040,157.16090393066406
51041,40.966373443603516
51042,113.86841583251953
51043,46.73991394042969
51044,60.464237213134766
51045,54.4132194519043
51046,32.72389221191406
51047,93.5010986328125
51048,295.65484619140625
51049,68.71125793457031
51050,67.38050079345703
51051,96.29924774169922
51052,211.06878662109375
51053,76.33724975585938
51054,67.5152587890625
51055,51.086238861083984
51056,59.87703323364258
51057,87.3750991821289
51058,91.32733154296875
51059,71.49787902832031
51060,121.18184661865234
51061,41.358863830566406
51062,342.8417053222656
51063,150.31802368164062
51064,93.19213104248047
51065,29.606075286865234
51066,101.15382385253906
51067,118.90711975097656
51068,45.41422653198242
51069,157.69937133789062
51070,54.90094757080078
51071,137.42303466796875
51072,173.53721618652344
51073,120.66834259033203
51074,50.69536590576172
51075,48.79493713378906
51076,159.97329711914062
51077,336.7998352050781
51078,48.99338912963867
51079,71.41582489013672
51080,82.03486633300781
51081,130.6958465576172
51082,152.4864501953125
51083,39.00867462158203
51084,51.32568359375
51085,169.47445678710938
51086,44.80603790283203
51087,113.25165557861328
51088,94.78661346435547
51089,109.67985534667969
51090,71.96613311767578
51091,126.3179931640625
51092,439.3900146484375
51093,125.28343200683594
51094,45.418094635009766
51095,278.983154296875
51096,187.44345092773438
51097,158.0206756591797
51098,64.97633361816406
51099,91.68919372558594
51100,84.03700256347656
51101,36.28199005126953
51102,76.87073516845703
51103,60.44307327270508
51104,55.486541748046875
51105,39.64363098144531
51106,29.457012176513672
51107,52.515480041503906
51108,52.62409591674805
51109,53.170597076416016
51110,70.95829010009766
51111,88.80462646484375
51112,56.39105987548828
51113,55.19414138793945
51114,58.9433479309082
51115,60.07991409301758
51116,84.33953094482422
51117,84.6951675415039
51118,33.35066223144531
51119,53.875614166259766
51120,75.02910614013672
51121,30.975385665893555
51122,76.8381118774414
51123,78.89109802246094
51124,42.05396270751953
51125,66.91889953613281
51126,70.26548767089844
51127,66.2010269165039
51128,112.0687026977539
51129,122.33740997314453
51130,52.84100341796875
51131,262.834716796875
51132,185.1923828125
51133,55.64496612548828
51134,205.30078125
51135,82.98529052734375
51136,162.55555725097656
51137,90.43507385253906
51138,114.70765686035156
51139,181.3643341064453
51140,82.76847839355469
51141,100.51713562011719
51142,88.37327575683594
51143,371.6407470703125
51144,58.70042037963867
51145,57.89369583129883
51146,61.73112487792969
51147,219.8292236328125
51148,45.95649719238281
51149,52.8468017578125
51150,284.5809631347656
51151,111.39035034179688
51152,63.46632385253906
51153,38.91795349121094
51154,35.57133865356445
51155,79.3659896850586
51156,53.63731002807617
51157,184.0426788330078
51158,142.0467987060547
51159,43.75286102294922
51160,72.20765686035156
51161,148.19528198242188
51162,41.02996826171875
51163,46.83833312988281
51164,66.8752670288086
51165,71.39651489257812
51166,49.46326446533203
51167,55.375362396240234
51168,80.03329467773438
51169,40.68014144897461
51170,128.41647338867188
51171,45.322452545166016
51172,80.25579833984375
51173,99.93736267089844
51174,141.9989471435547
51175,101.10389709472656
51176,44.3008918762207
51177,58.46969223022461
51178,114.31489562988281
51179,46.5091667175293
51180,20.909982681274414
51181,115.2821273803711
51182,25.61691665649414
51183,55.91183853149414
51184,43.80256652832031
51185,95.97582244873047
51186,27.50701904296875
51187,61.24293899536133
51188,189.8147735595703
51189,35.28403854370117
51190,53.032142639160156
51191,111.53466796875
51192,116.10954284667969
51193,51.1077995300293
51194,40.892642974853516
51195,49.95219421386719
51196,56.630367279052734
51197,52.793643951416016
51198,154.91111755371094
51199,27.821191787719727
51200,300.94586181640625
51201,51.08562469482422
51202,70.21461486816406
51203,140.6139373779297
51204,100.50598907470703
51205,69.61631774902344
51206,106.26976776123047
51207,64.30760192871094
51208,47.54401779174805
51209,191.52496337890625
51210,103.24209594726562
51211,94.2139663696289
51212,46.499176025390625
51213,64.1622314453125
51214,47.83320617675781
51215,37.3888053894043
51216,37.13986587524414
51217,137.96286010742188
51218,444.0579528808594
51219,72.54047393798828
51220,43.08740997314453
51221,94.77356719970703
51222,50.65339660644531
51223,44.65693283081055
51224,50.791839599609375
51225,69.9930191040039
51226,35.70445251464844
51227,43.05699920654297
51228,55.139461517333984
51229,57.90596389770508
51230,62.442970275878906
51231,64.91656494140625
51232,102.08309173583984
51233,107.37660217285156
51234,132.577880859375
51235,39.20393753051758
51236,80.25511169433594
51237,49.80342102050781
51238,137.9083251953125
51239,56.38985061645508
51240,38.8516845703125
51241,53.915367126464844
51242,32.43775177001953
51243,77.34342193603516
51244,58.768287658691406
51245,62.49540710449219
51246,33.99949264526367
51247,236.5343780517578
51248,50.46736145019531
51249,76.3580093383789
51250,52.94992446899414
51251,76.67724609375
51252,39.934906005859375
51253,32.17782974243164
51254,85.20110321044922
51255,63.65076446533203
51256,54.13054275512695
51257,57.16946792602539
51258,50.05106735229492
51259,81.3977279663086
51260,62.536651611328125
51261,81.27665710449219
51262,127.32411193847656
51263,49.3142204284668
51264,37.32040786743164
51265,41.87129592895508
51266,477.66650390625
51267,96.25715637207031
51268,55.697784423828125
51269,149.2603302001953
51270,27.89352035522461
51271,22.501340866088867
51272,108.23499298095703
51273,102.78414916992188
51274,109.46923065185547
51275,45.25994110107422
51276,136.9011993408203
51277,94.59342193603516
51278,28.89765167236328
51279,49.976402282714844
51280,48.35893630981445
51281,25.794296264648438
51282,115.88300323486328
51283,88.47871398925781
51284,154.41490173339844
51285,98.62388610839844
51286,33.550777435302734
51287,37.524620056152344
51288,126.16883850097656
51289,114.28018951416016
51290,109.5772705078125
51291,58.46993637084961
51292,54.86918640136719
51293,152.63719177246094
51294,112.71261596679688
51295,52.467796325683594
51296,98.84945678710938
51297,31.502216339111328
51298,75.57524108886719
51299,50.32676315307617
51300,62.624603271484375
51301,205.88951110839844
51302,300.07818603515625
51303,123.52249908447266
51304,59.01673889160156
51305,163.80850219726562
51306,81.15901184082031
51307,88.2021484375
51308,95.49016571044922
51309,67.00201416015625
51310,45.963043212890625
51311,67.05204010009766
51312,41.54849624633789
51313,76.67962646484375
51314,70.84265899658203
51315,51.273990631103516
51316,65.70433044433594
51317,153.72703552246094
51318,77.5849380493164
51319,137.35867309570312
51320,55.88841247558594
51321,65.55271911621094
51322,59.316036224365234
51323,55.750404357910156
51324,116.8064193725586
51325,34.37764358520508
51326,99.88960266113281
51327,53.34560012817383
51328,66.86228942871094
51329,60.624576568603516
51330,62.374267578125
51331,44.669883728027344
51332,232.71075439453125
51333,36.4437370300293
51334,493.2735900878906
51335,74.48869323730469
51336,67.03961181640625
51337,115.82722473144531
51338,23.08311653137207
51339,36.890228271484375
51340,61.135868072509766
51341,58.42320251464844
51342,117.53073120117188
51343,67.60379791259766
51344,64.00878143310547
51345,106.12098693847656
51346,50.52207946777344
51347,66.14152526855469
51348,120.46198272705078
51349,243.55865478515625
51350,109.53263092041016
51351,50.41314697265625
51352,91.53923797607422
51353,59.8743782043457
51354,36.88084030151367
51355,125.28679656982422
51356,127.3426284790039
51357,72.2122573852539
51358,50.01235580444336
51359,41.16291427612305
51360,180.26307678222656
51361,99.4626235961914
51362,63.10966110229492
51363,45.58967208862305
51364,100.20438385009766
51365,57.4475212097168
51366,99.64425659179688
51367,273.64202880859375
51368,168.2950897216797
51369,70.73402404785156
51370,52.96144485473633
51371,45.74946594238281
51372,29.003013610839844
51373,111.82219696044922
51374,45.13956069946289
51375,36.078243255615234
51376,386.8587646484375
51377,156.5818328857422
51378,72.30760192871094
51379,50.959957122802734
51380,50.87851333618164
51381,166.7436981201172
51382,70.43016815185547
51383,44.63805389404297
51384,48.306400299072266
51385,57.71061325073242
51386,60.449859619140625
51387,237.34849548339844
51388,110.61776733398438
51389,48.087684631347656
51390,139.59666442871094
51391,151.64801025390625
51392,44.25239181518555
51393,63.99549102783203
51394,31.666078567504883
51395,98.21554565429688
51396,23.876646041870117
51397,69.62397003173828
51398,100.3000717163086
51399,60.75825881958008
51400,84.19596862792969
51401,356.63739013671875
51402,55.637699127197266
51403,55.81890106201172
51404,93.8475341796875
51405,51.396636962890625
51406,158.576416015625
51407,104.89958953857422
51408,43.159549713134766
51409,186.94895935058594
51410,112.56130981445312
51411,77.89862823486328
51412,79.21046447753906
51413,71.87847900390625
51414,96.94237518310547
51415,96.2876968383789
51416,78.7474365234375
51417,213.1039276123047
51418,32.606040954589844
51419,56.30885314941406
51420,40.10700607299805
51421,125.98048400878906
51422,32.9703483581543
51423,405.7853088378906
51424,49.58572006225586
51425,5.25904655456543
51426,55.13633346557617
51427,55.060447692871094
51428,51.15614318847656
51429,57.954261779785156
51430,206.67556762695312
51431,243.4927215576172
51432,44.46278381347656
51433,70.0354995727539
51434,106.21138000488281
51435,273.1937561035156
51436,57.607303619384766
51437,45.53176498413086
51438,34.122474670410156
51439,120.78426361083984
51440,57.429954528808594
51441,107.44577026367188
51442,81.52620697021484
51443,43.129032135009766
51444,55.99311828613281
51445,133.89437866210938
51446,175.5930938720703
51447,188.8719024658203
51448,57.092124938964844
51449,45.425106048583984
51450,101.38288116455078
51451,63.27226257324219
51452,123.15148162841797
51453,178.91635131835938
51454,85.8761215209961
51455,59.076839447021484
51456,65.7195053100586
51457,301.2510681152344
51458,62.856204986572266
51459,50.41876983642578
51460,69.97212219238281
51461,95.31248474121094
51462,70.99060821533203
51463,68.83842468261719
51464,46.44496154785156
51465,88.92094421386719
51466,187.7189178466797
51467,78.0492935180664
51468,37.71701431274414
51469,55.97916030883789
51470,272.2942810058594
51471,89.68407440185547
51472,46.684967041015625
51473,39.05100631713867
51474,57.10528564453125
51475,113.06193542480469
51476,190.05003356933594
51477,127.3585205078125
51478,28.042409896850586
51479,39.47650146484375
51480,84.99237060546875
51481,75.82974243164062
51482,49.382408142089844
51483,47.088314056396484
51484,93.5398941040039
51485,119.97525024414062
51486,92.89920043945312
51487,37.22355270385742
51488,76.1258316040039
51489,64.73652648925781
51490,59.97267150878906
51491,133.33734130859375
51492,351.7495422363281
51493,63.49197769165039
51494,127.39483642578125
51495,129.80369567871094
51496,95.0556869506836
51497,87.83267211914062
51498,175.17587280273438
51499,37.24441909790039
51500,108.66248321533203
51501,49.26449966430664
51502,274.4186096191406
51503,268.7231140136719
51504,56.4259033203125
51505,87.13164520263672
51506,40.866783142089844
51507,351.806884765625
51508,139.9881134033203
51509,99.90958404541016
51510,101.3485107421875
51511,150.87738037109375
51512,65.15837860107422
51513,82.59695434570312
51514,83.44098663330078
51515,139.27679443359375
51516,109.92837524414062
51517,48.53743362426758
51518,52.181888580322266
51519,51.42033767700195
51520,76.3724365234375
51521,65.74358367919922
51522,107.90438079833984
51523,99.11892700195312
51524,67.0184326171875
51525,20.909259796142578
51526,59.11360168457031
51527,122.87565612792969
51528,62.50212478637695
51529,122.774658203125
51530,92.62158966064453
51531,59.04793167114258
51532,116.17447662353516
51533,332.37738037109375
51534,69.88446044921875
51535,53.72536087036133
51536,50.10287857055664
51537,16.121055603027344
51538,34.94557571411133
51539,29.181520462036133
51540,71.09222412109375
51541,80.4668960571289
51542,171.40367126464844
51543,120.67041778564453
51544,195.93467712402344
51545,43.5443229675293
51546,109.50181579589844
51547,80.40216064453125
51548,138.8902587890625
51549,58.39213943481445
51550,92.3757553100586
51551,40.12691879272461
51552,309.68017578125
51553,85.06979370117188
51554,380.808837890625
51555,42.57675552368164
51556,315.792236328125
51557,77.91786193847656
51558,120.26886749267578
51559,51.08916091918945
51560,82.50508117675781
51561,62.61688995361328
51562,80.3429183959961
51563,82.50177764892578
51564,61.38724899291992
51565,120.45375061035156
51566,91.42841339111328
51567,153.32382202148438
51568,40.86689758300781
51569,48.611454010009766
51570,72.56673431396484
51571,64.41728973388672
51572,37.84221267700195
51573,64.5167007446289
51574,95.98957061767578
51575,242.53689575195312
51576,55.27057647705078
51577,122.50154113769531
51578,110.65799713134766
51579,199.352783203125
51580,29.183170318603516
51581,46.98580551147461
51582,62.277400970458984
51583,79.54492950439453
51584,106.80332946777344
51585,48.4307746887207
51586,25.67177391052246
51587,70.27725982666016
51588,50.05531692504883
51589,278.2408142089844
51590,28.194944381713867
51591,90.592041015625
51592,62.66707992553711
51593,82.2967529296875
51594,31.45484733581543
51595,54.3901252746582
51596,44.04889678955078
51597,33.419776916503906
51598,110.36805725097656
51599,66.15982818603516
51600,26.273277282714844
51601,51.69194793701172
51602,68.24531555175781
51603,75.76773834228516
51604,90.27629852294922
51605,117.78434753417969
51606,73.69955444335938
51607,188.5229949951172
51608,42.345149993896484
51609,33.79791259765625
51610,45.02568817138672
51611,466.74755859375
51612,69.13322448730469
51613,103.84760284423828
51614,112.61404418945312
51615,68.65367126464844
51616,77.30377197265625
51617,115.44821166992188
51618,124.77672576904297
51619,87.44235229492188
51620,85.95811462402344
51621,75.26339721679688
51622,49.22508239746094
51623,51.16393280029297
51624,67.4233169555664
51625,85.62432098388672
51626,67.5827407836914
51627,62.567081451416016
51628,45.82073211669922
51629,49.822296142578125
51630,45.22001266479492
51631,62.61124801635742
51632,166.1051788330078
51633,43.491844177246094
51634,220.40682983398438
51635,56.668128967285156
51636,68.73809051513672
51637,29.66315269470215
51638,233.48094177246094
51639,71.71617889404297
51640,34.14820098876953
51641,40.7850456237793
51642,27.494951248168945
51643,98.78292083740234
51644,59.46553421020508
51645,41.68187713623047
51646,65.89727783203125
51647,69.67723846435547
51648,41.7696533203125
51649,33.72908401489258
51650,65.0517807006836
51651,51.29513931274414
51652,24.787446975708008
51653,60.204124450683594
51654,103.08631896972656
51655,101.62446594238281
51656,146.07289123535156
51657,75.72727966308594
51658,54.773887634277344
51659,40.816131591796875
51660,94.78316497802734
51661,53.35979461669922
51662,60.2952880859375
51663,58.46803665161133
51664,39.3782958984375
51665,113.21868896484375
51666,37.97761535644531
51667,179.3453826904297
51668,101.46812438964844
51669,61.58255386352539
51670,44.470218658447266
51671,55.93307113647461
51672,63.54774856567383
51673,131.96949768066406
51674,199.2627410888672
51675,73.67584228515625
51676,110.47848510742188
51677,72.01045227050781
51678,76.56314086914062
51679,92.29658508300781
51680,54.452186584472656
51681,45.988895416259766
51682,39.9882698059082
51683,112.50376892089844
51684,46.51723861694336
51685,33.197879791259766
51686,91.00231170654297
51687,53.02280807495117
51688,88.69223022460938
51689,41.61055374145508
51690,364.58380126953125
51691,100.02642822265625
51692,39.43997573852539
51693,42.2052001953125
51694,84.36024475097656
51695,152.05300903320312
51696,78.45159912109375
51697,46.35487365722656
51698,45.95893478393555
51699,72.12179565429688
51700,69.34935760498047
51701,517.0906982421875
51702,28.578737258911133
51703,46.32439422607422
51704,51.58046340942383
51705,42.171207427978516
51706,240.8052978515625
51707,43.72703170776367
51708,62.66094207763672
51709,51.40283203125
51710,103.7767105102539
51711,116.83557891845703
51712,91.53033447265625
51713,89.72759246826172
51714,50.18754959106445
51715,142.0030975341797
51716,163.59779357910156
51717,125.589599609375
51718,41.947059631347656
51719,39.09162139892578
51720,261.3856506347656
51721,316.40789794921875
51722,93.99137115478516
51723,101.80001068115234
51724,36.03417205810547
51725,126.40851593017578
51726,95.62211608886719
51727,44.073692321777344
51728,32.75916290283203
51729,401.9212951660156
51730,75.32987213134766
51731,56.30336380004883
51732,166.48358154296875
51733,22.332979202270508
51734,81.4792251586914
51735,53.2236213684082
51736,47.14889144897461
51737,61.68130111694336
51738,117.8988265991211
51739,600.3203125
51740,41.29494094848633
51741,40.03117752075195
51742,72.5456314086914
51743,78.2925033569336
51744,41.34492111206055
51745,54.17046356201172
51746,58.43013000488281
51747,45.770904541015625
51748,53.77750778198242
51749,122.55621337890625
51750,54.17448425292969
51751,299.1997985839844
51752,124.64448547363281
51753,102.60594177246094
51754,76.61736297607422
51755,77.81328582763672
51756,74.50236511230469
51757,71.12057495117188
51758,51.01774978637695
51759,134.3250274658203
51760,101.26506805419922
51761,110.3748779296875
51762,106.53684997558594
51763,58.908748626708984
51764,100.38630676269531
51765,68.47168731689453
51766,35.060733795166016
51767,46.46338653564453
51768,70.3134994506836
51769,41.37165451049805
51770,40.922828674316406
51771,3.0845108032226562
51772,74.041015625
51773,261.3435974121094
51774,65.77411651611328
51775,55.690059661865234
51776,50.52021408081055
51777,120.2417221069336
51778,95.04466247558594
51779,90.73682403564453
51780,49.22685623168945
51781,45.7000846862793
51782,73.85924530029297
51783,63.065128326416016
51784,146.48941040039062
51785,88.98644256591797
51786,73.5673599243164
51787,76.44620513916016
51788,96.07048034667969
51789,99.92878723144531
51790,95.98460388183594
51791,36.47840881347656
51792,44.045589447021484
51793,378.26873779296875
51794,37.5489616394043
51795,120.86597442626953
51796,67.73210144042969
51797,106.01101684570312
51798,243.19236755371094
51799,101.30906677246094
51800,60.78496551513672
51801,388.36761474609375
51802,56.13658905029297
51803,42.488983154296875
51804,95.55852508544922
51805,102.44544219970703
51806,35.399227142333984
51807,55.54716491699219
51808,89.58513641357422
51809,51.678138732910156
51810,76.19842529296875
51811,153.75433349609375
51812,120.01013946533203
51813,213.13377380371094
51814,576.753173828125
51815,72.56139373779297
51816,99.32939910888672
51817,50.751197814941406
51818,51.611602783203125
51819,97.99774932861328
51820,53.14297866821289
51821,50.279788970947266
51822,43.907535552978516
51823,47.89605712890625
51824,46.35284423828125
51825,66.4177017211914
51826,187.81488037109375
51827,69.18042755126953
51828,60.89246368408203
51829,54.89506149291992
51830,100.40097045898438
51831,72.09724426269531
51832,79.97926330566406
51833,152.52755737304688
51834,139.5679168701172
51835,43.95061492919922
51836,60.59508514404297
51837,63.05854797363281
51838,41.27145004272461
51839,56.945762634277344
51840,78.53192138671875
51841,85.58148193359375
51842,138.00189208984375
51843,58.9583625793457
51844,84.62347412109375
51845,101.01366424560547
51846,34.88957977294922
51847,160.78501892089844
51848,129.88018798828125
51849,61.89275360107422
51850,265.10662841796875
51851,60.75456237792969
51852,58.82854461669922
51853,145.6417236328125
51854,71.25160217285156
51855,325.5998229980469
51856,75.85759735107422
51857,287.4046325683594
51858,97.61846160888672
51859,67.08748626708984
51860,40.19192886352539
51861,97.90415954589844
51862,221.5242156982422
51863,300.8541564941406
51864,51.193668365478516
51865,65.21730041503906
51866,60.5792121887207
51867,37.81492233276367
51868,-3.6663365364074707
51869,50.49858093261719
51870,60.691688537597656
51871,79.61614227294922
51872,102.35700988769531
51873,52.61298370361328
51874,71.65040588378906
51875,77.98410034179688
51876,111.13700103759766
51877,80.44637298583984
51878,49.91194152832031
51879,55.063846588134766
51880,94.39747619628906
51881,56.957916259765625
51882,83.1548843383789
51883,102.32559967041016
51884,71.40106964111328
51885,49.80308532714844
51886,52.88903045654297
51887,104.0820541381836
51888,83.83712768554688
51889,44.6504020690918
51890,70.16475677490234
51891,30.936140060424805
51892,35.91897201538086
51893,133.8478546142578
51894,82.25764465332031
51895,46.88299560546875
51896,106.73580932617188
51897,42.42440414428711
51898,112.7880630493164
51899,307.7698669433594
51900,75.31067657470703
51901,66.84062194824219
51902,44.43779373168945
51903,50.17455291748047
51904,43.54447555541992
51905,69.9216079711914
51906,196.05189514160156
51907,85.06061553955078
51908,91.37223052978516
51909,82.57828521728516
51910,34.721839904785156
51911,135.77157592773438
51912,51.02571105957031
51913,246.10276794433594
51914,115.25032043457031
51915,19.240270614624023
51916,88.51097106933594
51917,104.0277328491211
51918,54.59075164794922
51919,48.53189468383789
51920,33.88105010986328
51921,130.48550415039062
51922,54.49518585205078
51923,185.88082885742188
51924,67.70491027832031
51925,119.1663589477539
51926,150.10157775878906
51927,72.9534683227539
51928,72.51695251464844
51929,89.67639923095703
51930,128.7948455810547
51931,106.30880737304688
51932,113.3216781616211
51933,47.12688064575195
51934,263.26898193359375
51935,33.247257232666016
51936,55.274444580078125
51937,53.26372146606445
51938,168.46202087402344
51939,63.07906723022461
51940,131.16989135742188
51941,57.20136260986328
51942,230.27273559570312
51943,47.98234176635742
51944,54.44786834716797
51945,249.080322265625
51946,181.55178833007812
51947,297.2557067871094
51948,125.1215591430664
51949,31.373987197875977
51950,99.8864517211914
51951,68.48824310302734
51952,76.69901275634766
51953,63.0031852722168
51954,45.8181266784668
51955,77.70704650878906
51956,227.21498107910156
51957,162.93252563476562
51958,64.56096649169922
51959,45.15142822265625
51960,44.754337310791016
51961,45.21583557128906
51962,62.755271911621094
51963,63.27568817138672
51964,45.0352783203125
51965,46.97713088989258
51966,67.85200500488281
51967,105.54483795166016
51968,68.5657958984375
51969,56.35555648803711
51970,65.28356170654297
51971,66.19368743896484
51972,128.71290588378906
51973,163.84873962402344
51974,234.26644897460938
51975,61.581424713134766
51976,98.96231842041016
51977,365.9584655761719
51978,44.43077850341797
51979,41.31401824951172
51980,100.2210922241211
51981,32.16886901855469
51982,71.8226318359375
51983,118.2881088256836
51984,213.54803466796875
51985,75.94445037841797
51986,335.9107666015625
51987,95.18209075927734
51988,119.23133087158203
51989,87.60501861572266
51990,59.59685134887695
51991,47.38389587402344
51992,43.9233512878418
51993,60.1302375793457
51994,130.6693572998047
51995,20.028539657592773
51996,83.95148468017578
51997,50.48409652709961
51998,59.73824691772461
51999,57.746826171875
52000,51.537845611572266
52001,103.63227844238281
52002,51.06239700317383
52003,67.29901123046875
52004,56.62370681762695
52005,29.851797103881836
52006,130.47630310058594
52007,55.47690200805664
52008,117.7676010131836
52009,119.04371643066406
52010,271.24163818359375
52011,52.502525329589844
52012,51.88798141479492
52013,83.9764175415039
52014,32.8477783203125
52015,105.81707000732422
52016,94.40299987792969
52017,296.62103271484375
52018,55.045467376708984
52019,90.21572875976562
52020,79.01107788085938
52021,40.6325569152832
52022,71.7049331665039
52023,52.960060119628906
52024,156.41879272460938
52025,66.1008529663086
52026,249.5187530517578
52027,63.481224060058594
52028,127.58647918701172
52029,159.30934143066406
52030,34.87753677368164
52031,94.69393157958984
52032,52.851806640625
52033,60.01521682739258
52034,37.40499496459961
52035,84.94158935546875
52036,57.81767272949219
52037,48.928646087646484
52038,63.167198181152344
52039,52.03474044799805
52040,132.61016845703125
52041,61.80267333984375
52042,25.359086990356445
52043,121.53424072265625
52044,212.3310546875
52045,81.93314361572266
52046,92.84626770019531
52047,92.02442169189453
52048,73.77735900878906
52049,36.14737319946289
52050,47.26491165161133
52051,158.66835021972656
52052,56.333457946777344
52053,313.2176513671875
52054,52.816619873046875
52055,63.517234802246094
52056,64.51895904541016
52057,59.55476379394531
52058,141.80433654785156
52059,98.79869842529297
52060,62.435081481933594
52061,111.83715057373047
52062,49.13643264770508
52063,365.0624694824219
52064,124.34422302246094
52065,38.823692321777344
52066,105.52021789550781
52067,105.24380493164062
52068,358.157958984375
52069,35.94559097290039
52070,51.708553314208984
52071,583.4359741210938
52072,150.8235321044922
52073,50.32475280761719
52074,91.68294525146484
52075,60.14410400390625
52076,62.76149368286133
52077,49.72474670410156
52078,38.335540771484375
52079,87.90558624267578
52080,136.2725067138672
52081,52.091094970703125
52082,271.87774658203125
52083,58.41413116455078
52084,92.53640747070312
52085,60.577301025390625
52086,96.75061798095703
52087,105.75582885742188
52088,80.92694854736328
52089,21.054330825805664
52090,65.47818756103516
52091,145.7494659423828
52092,90.42594146728516
52093,44.826324462890625
52094,58.84029769897461
52095,45.972957611083984
52096,44.388614654541016
52097,53.96992492675781
52098,44.081581115722656
52099,33.722900390625
52100,56.27492904663086
52101,51.101139068603516
52102,50.41972351074219
52103,97.86412048339844
52104,46.95473098754883
52105,71.89501953125
52106,95.82199096679688
52107,77.49312591552734
52108,56.37456512451172
52109,212.3731689453125
52110,34.54655456542969
52111,185.1900177001953
52112,57.69512939453125
52113,99.13285064697266
52114,109.49349212646484
52115,80.86665344238281
52116,78.95152282714844
52117,58.02471923828125
52118,91.20713806152344
52119,41.42344665527344
52120,115.99793243408203
52121,282.8960266113281
52122,60.26417922973633
52123,53.45547866821289
52124,67.66493225097656
52125,282.91259765625
52126,47.01096725463867
52127,62.47021484375
52128,52.5325927734375
52129,104.04930877685547
52130,68.98543548583984
52131,162.16465759277344
52132,461.5540771484375
52133,56.883968353271484
52134,129.54464721679688
52135,69.57843017578125
52136,43.54861831665039
52137,38.152259826660156
52138,108.31736755371094
52139,111.90794372558594
52140,85.66468811035156
52141,125.95404052734375
52142,156.7696533203125
52143,108.5832290649414
52144,314.7970886230469
52145,97.17630767822266
52146,51.82577896118164
52147,273.61309814453125
52148,66.7189712524414
52149,88.00070190429688
52150,261.5814514160156
52151,82.94486236572266
52152,61.75350570678711
52153,67.31761932373047
52154,228.6893768310547
52155,165.84341430664062
52156,66.98583984375
52157,104.05367279052734
52158,77.42435455322266
52159,30.79046058654785
52160,46.94171905517578
52161,36.63623809814453
52162,58.054443359375
52163,45.45624923706055
52164,33.917579650878906
52165,92.13846588134766
52166,60.98452377319336
52167,178.12841796875
52168,96.103759765625
52169,70.09634399414062
52170,50.140846252441406
52171,184.10523986816406
52172,61.37014389038086
52173,181.54837036132812
52174,56.33848571777344
52175,29.377071380615234
52176,48.12931442260742
52177,31.32730484008789
52178,62.6179084777832
52179,282.5821228027344
52180,52.37556457519531
52181,101.357421875
52182,52.25263977050781
52183,53.01725387573242
52184,60.660404205322266
52185,60.96229553222656
52186,64.0987319946289
52187,70.20599365234375
52188,46.84008026123047
52189,79.2737808227539
52190,99.4794921875
52191,107.99250793457031
52192,151.6025848388672
52193,32.72812271118164
52194,14.694609642028809
52195,65.70864868164062
52196,56.46416473388672
52197,57.07053756713867
52198,151.33941650390625
52199,30.128210067749023
52200,52.06910705566406
52201,36.54990768432617
52202,109.97949981689453
52203,103.32474517822266
52204,62.5737190246582
52205,48.33466720581055
52206,88.89417266845703
52207,88.2244644165039
52208,92.14787292480469
52209,48.13824462890625
52210,135.0449676513672
52211,56.58263397216797
52212,40.63969421386719
52213,107.13336181640625
52214,30.648027420043945
52215,50.04483413696289
52216,43.37131118774414
52217,279.62017822265625
52218,84.02666473388672
52219,70.45927429199219
52220,50.61372756958008
52221,50.04122543334961
52222,107.00016021728516
52223,79.12020874023438
52224,241.57286071777344
52225,32.68546676635742
52226,160.2798614501953
52227,67.96805572509766
52228,48.429725646972656
52229,84.62761688232422
52230,52.30672836303711
52231,113.23362731933594
52232,65.88485717773438
52233,62.32493591308594
52234,70.16202545166016
52235,73.60266876220703
52236,143.3707275390625
52237,48.142086029052734
52238,47.09010314941406
52239,50.490806579589844
52240,46.65610885620117
52241,79.76972198486328
52242,57.72844314575195
52243,50.04159927368164
52244,41.88618087768555
52245,136.1250762939453
52246,43.88322448730469
52247,83.20167541503906
52248,188.71234130859375
52249,34.2315559387207
52250,191.2866973876953
52251,61.17585754394531
52252,88.7877197265625
52253,106.04022979736328
52254,34.505191802978516
52255,55.36754608154297
52256,410.0351867675781
52257,51.322669982910156
52258,66.1490478515625
52259,24.270042419433594
52260,47.95941162109375
52261,51.75348663330078
52262,75.60022735595703
52263,179.01156616210938
52264,151.51901245117188
52265,60.24041748046875
52266,52.82745361328125
52267,53.2806510925293
52268,53.14444351196289
52269,121.44305419921875
52270,98.99359893798828
52271,48.96612548828125
52272,40.95094680786133
52273,130.2018585205078
52274,68.7591323852539
52275,108.17174530029297
52276,84.26421356201172
52277,71.83757019042969
52278,73.32149505615234
52279,33.52840805053711
52280,68.28038024902344
52281,36.725887298583984
52282,80.46074676513672
52283,335.1733703613281
52284,91.70162200927734
52285,186.628173828125
52286,140.10755920410156
52287,44.807735443115234
52288,102.67517852783203
52289,62.98196792602539
52290,52.70741271972656
52291,45.330101013183594
52292,93.9588394165039
52293,255.0722198486328
52294,131.75830078125
52295,41.890560150146484
52296,61.996826171875
52297,43.316436767578125
52298,99.50385284423828
52299,70.076416015625
52300,222.81661987304688
52301,368.97210693359375
52302,44.96965789794922
52303,86.3665771484375
52304,215.1680450439453
52305,134.69088745117188
52306,57.88206481933594
52307,208.48472595214844
52308,50.99003219604492
52309,65.9383316040039
52310,46.79900360107422
52311,120.4106216430664
52312,43.19216537475586
52313,81.82167053222656
52314,53.753719329833984
52315,58.255619049072266
52316,65.56265258789062
52317,88.91712188720703
52318,50.38363265991211
52319,54.573368072509766
52320,57.2652587890625
52321,42.0733642578125
52322,148.2376251220703
52323,55.01082992553711
52324,57.39961624145508
52325,373.2853088378906
52326,32.05635070800781
52327,44.55130386352539
52328,61.075740814208984
52329,103.67200469970703
52330,62.303951263427734
52331,290.4320373535156
52332,39.49659729003906
52333,53.213172912597656
52334,188.4605712890625
52335,92.66175842285156
52336,77.48096466064453
52337,39.637752532958984
52338,122.67163848876953
52339,383.72637939453125
52340,54.8039436340332
52341,108.23590087890625
52342,88.63021850585938
52343,59.8541259765625
52344,143.04942321777344
52345,59.65080261230469
52346,94.5893783569336
52347,112.63267517089844
52348,171.10182189941406
52349,82.27755737304688
52350,139.6491241455078
52351,44.64999008178711
52352,55.303009033203125
52353,47.623409271240234
52354,65.85926818847656
52355,82.4150161743164
52356,58.710166931152344
52357,66.85161590576172
52358,132.81358337402344
52359,49.43910598754883
52360,85.7427749633789
52361,72.537841796875
52362,111.10281372070312
52363,74.88418579101562
52364,381.49786376953125
52365,69.77484130859375
52366,51.15296936035156
52367,50.71857833862305
52368,132.96615600585938
52369,60.20234680175781
52370,110.74544525146484
52371,47.553524017333984
52372,68.4277114868164
52373,100.95868682861328
52374,50.32954788208008
52375,92.25458526611328
52376,39.68027114868164
52377,147.0625457763672
52378,61.43902587890625
52379,136.57443237304688
52380,40.27556228637695
52381,71.07958221435547
52382,67.3768310546875
52383,144.23251342773438
52384,104.29877471923828
52385,224.95013427734375
52386,132.70289611816406
52387,151.1594696044922
52388,179.4251251220703
52389,62.32315444946289
52390,246.9690399169922
52391,138.34693908691406
52392,170.70016479492188
52393,166.3961639404297
52394,175.93173217773438
52395,101.5157470703125
52396,35.087913513183594
52397,42.24122619628906
52398,54.3626708984375
52399,67.75960540771484
52400,32.205291748046875
52401,140.2170867919922
52402,50.77050018310547
52403,49.32032012939453
52404,130.60659790039062
52405,81.8050765991211
52406,70.13033294677734
52407,67.2410888671875
52408,49.63908767700195
52409,82.25658416748047
52410,32.483009338378906
52411,36.94697952270508
52412,143.45701599121094
52413,84.65396118164062
52414,58.97132873535156
52415,119.80857849121094
52416,127.42070770263672
52417,101.03319549560547
52418,118.01958465576172
52419,111.58817291259766
52420,88.48377227783203
52421,12.111353874206543
52422,76.22001647949219
52423,356.1193542480469
52424,61.47160339355469
52425,63.041358947753906
52426,90.13446807861328
52427,118.88191986083984
52428,55.05522918701172
52429,37.91112518310547
52430,58.285888671875
52431,30.57370376586914
52432,201.24197387695312
52433,41.889461517333984
52434,66.67394256591797
52435,97.24077606201172
52436,150.03851318359375
52437,53.24087142944336
52438,54.958251953125
52439,52.32061767578125
52440,227.34246826171875
52441,75.5038070678711
52442,89.4345932006836
52443,77.90320587158203
52444,263.00469970703125
52445,116.82063293457031
52446,88.57801055908203
52447,152.2259979248047
52448,42.4030876159668
52449,103.0077133178711
52450,92.42658233642578
52451,45.466339111328125
52452,190.74134826660156
52453,61.72850036621094
52454,319.3793640136719
52455,85.0842514038086
52456,45.49824523925781
52457,50.668846130371094
52458,45.74992370605469
52459,68.18186950683594
52460,74.69096374511719
52461,100.43281555175781
52462,93.81255340576172
52463,47.63144302368164
52464,26.322450637817383
52465,133.63111877441406
52466,86.52394104003906
52467,57.82976150512695
52468,21.596426010131836
52469,107.17195892333984
52470,45.528873443603516
52471,26.485923767089844
52472,40.05150604248047
52473,186.25839233398438
52474,102.89266204833984
52475,35.11841583251953
52476,57.33049774169922
52477,38.6952018737793
52478,50.561466217041016
52479,56.19633483886719
52480,270.360595703125
52481,144.080810546875
52482,61.90129089355469
52483,60.38890075683594
52484,43.14425277709961
52485,24.145334243774414
52486,47.636741638183594
52487,76.54031372070312
52488,92.94239807128906
52489,118.3309326171875
52490,123.914794921875
52491,54.516693115234375
52492,158.58358764648438
52493,99.212158203125
52494,41.757118225097656
52495,44.534934997558594
52496,44.425350189208984
52497,57.40153121948242
52498,68.86891174316406
52499,56.30373001098633
52500,78.778564453125
52501,55.6017951965332
52502,52.174102783203125
52503,99.79845428466797
52504,53.966209411621094
52505,89.63951110839844
52506,45.896949768066406
52507,103.7564468383789
52508,362.5846252441406
52509,49.04853439331055
52510,35.5231819152832
52511,41.157352447509766
52512,154.01780700683594
52513,46.37372970581055
52514,45.89913558959961
52515,97.32190704345703
52516,87.14060974121094
52517,87.06404113769531
52518,294.0252990722656
52519,200.194091796875
52520,58.46665954589844
52521,74.98701477050781
52522,35.375877380371094
52523,52.72861862182617
52524,289.80828857421875
52525,99.1253662109375
52526,84.3183822631836
52527,234.14752197265625
52528,133.46751403808594
52529,211.33523559570312
52530,69.55945587158203
52531,163.97779846191406
52532,40.10932922363281
52533,58.01445007324219
52534,65.14845275878906
52535,66.82340240478516
52536,79.77532196044922
52537,175.4055938720703
52538,81.05840301513672
52539,41.352970123291016
52540,95.42076873779297
52541,40.701053619384766
52542,42.3299560546875
52543,53.72412872314453
52544,53.00802993774414
52545,56.55242919921875
52546,25.645296096801758
52547,58.329383850097656
52548,28.705320358276367
52549,71.23396301269531
52550,60.136959075927734
52551,68.95130157470703
52552,84.56675720214844
52553,146.87034606933594
52554,54.36617660522461
52555,58.957603454589844
52556,64.20906066894531
52557,105.00367736816406
52558,103.09999084472656
52559,119.75732421875
52560,47.42457580566406
52561,56.71623611450195
52562,48.01582717895508
52563,70.0274429321289
52564,59.01718521118164
52565,53.70627212524414
52566,245.20718383789062
52567,79.26004028320312
52568,245.88796997070312
52569,52.39442825317383
52570,149.13467407226562
52571,77.25707244873047
52572,43.437870025634766
52573,453.6451721191406
52574,112.74462890625
52575,55.4035758972168
52576,45.45320129394531
52577,120.67406463623047
52578,42.71274185180664
52579,64.78162384033203
52580,301.8873291015625
52581,64.90887451171875
52582,10.664517402648926
52583,47.25316619873047
52584,51.299476623535156
52585,56.84125900268555
52586,40.56769943237305
52587,69.31141662597656
52588,89.28829193115234
52589,53.49020767211914
52590,130.4259796142578
52591,318.9346618652344
52592,47.27143478393555
52593,126.95623779296875
52594,92.30144500732422
52595,72.08638763427734
52596,36.86513900756836
52597,125.85155487060547
52598,55.16059494018555
52599,91.41095733642578
52600,187.94503784179688
52601,51.32722091674805
52602,118.03816986083984
52603,34.5366325378418
52604,78.06863403320312
52605,88.59919738769531
52606,78.23944854736328
52607,65.17555236816406
52608,58.64484405517578
52609,113.38690948486328
52610,114.3580551147461
52611,271.4279479980469
52612,129.53977966308594
52613,34.46224594116211
52614,115.6139144897461
52615,63.10464096069336
52616,46.834014892578125
52617,500.08026123046875
52618,326.8702697753906
52619,317.87408447265625
52620,192.4158935546875
52621,521.2002563476562
52622,45.00758361816406
52623,46.475948333740234
52624,319.1313781738281
52625,31.294343948364258
52626,93.92701721191406
52627,56.17687225341797
52628,91.5777359008789
52629,34.369728088378906
52630,133.5484619140625
52631,105.39073181152344
52632,32.332550048828125
52633,105.15071868896484
52634,91.65416717529297
52635,360.0450744628906
52636,75.79761505126953
52637,117.3807601928711
52638,87.87076568603516
52639,41.167388916015625
52640,77.30795288085938
52641,60.80636978149414
52642,53.2452392578125
52643,375.9477844238281
52644,117.14285278320312
52645,73.5494613647461
52646,47.4445915222168
52647,101.60112762451172
52648,96.85161590576172
52649,61.05885696411133
52650,111.17085266113281
52651,57.31974411010742
52652,98.29735565185547
52653,23.868629455566406
52654,55.982566833496094
52655,95.1045913696289
52656,99.96526336669922
52657,67.47119140625
52658,45.573326110839844
52659,43.96009063720703
52660,148.5190887451172
52661,36.95418167114258
52662,339.5400390625
52663,74.53730773925781
52664,56.261226654052734
52665,47.22478103637695
52666,191.41624450683594
52667,53.68117141723633
52668,237.0492401123047
52669,91.09553527832031
52670,27.9005184173584
52671,50.27381896972656
52672,65.53009796142578
52673,53.537174224853516
52674,56.693050384521484
52675,68.65238189697266
52676,64.97416687011719
52677,238.5353240966797
52678,146.32138061523438
52679,132.24148559570312
52680,55.007869720458984
52681,55.408363342285156
52682,59.40456771850586
52683,108.47767639160156
52684,69.15418243408203
52685,97.32916259765625
52686,38.355873107910156
52687,156.8456573486328
52688,45.40395736694336
52689,53.327178955078125
52690,193.85267639160156
52691,95.87287902832031
52692,63.5722541809082
52693,51.576194763183594
52694,55.84560012817383
52695,97.52742767333984
52696,51.86875915527344
52697,13.668737411499023
52698,70.94998931884766
52699,104.75909423828125
52700,56.219661712646484
52701,43.075740814208984
52702,42.09798049926758
52703,42.451255798339844
52704,79.24492645263672
52705,260.4793395996094
52706,60.03667449951172
52707,350.1770935058594
52708,43.80087661743164
52709,26.71645164489746
52710,37.18046951293945
52711,174.13980102539062
52712,31.84824562072754
52713,52.940128326416016
52714,118.8504638671875
52715,67.23430633544922
52716,116.42973327636719
52717,49.616790771484375
52718,66.53422546386719
52719,273.98297119140625
52720,46.11949920654297
52721,28.106115341186523
52722,133.81069946289062
52723,27.230073928833008
52724,110.69080352783203
52725,68.39151000976562
52726,43.02876663208008
52727,231.31419372558594
52728,66.86611938476562
52729,42.840248107910156
52730,38.93083953857422
52731,85.82896423339844
52732,34.00580596923828
52733,75.61819458007812
52734,57.5139274597168
52735,304.6024475097656
52736,102.24948120117188
52737,135.38699340820312
52738,60.35272979736328
52739,50.99235534667969
52740,41.875282287597656
52741,51.946014404296875
52742,61.19550704956055
52743,62.11434555053711
52744,107.99137115478516
52745,47.46923828125
52746,97.8609390258789
52747,85.89225006103516
52748,33.4054069519043
52749,45.308834075927734
52750,71.56340789794922
52751,76.49002075195312
52752,89.53125
52753,37.1435661315918
52754,44.90398406982422
52755,45.46988296508789
52756,113.76583099365234
52757,79.86945343017578
52758,107.70954895019531
52759,234.31039428710938
52760,96.539794921875
52761,39.51335906982422
52762,58.47080612182617
52763,62.25986099243164
52764,321.0870666503906
52765,79.16263580322266
52766,139.13328552246094
52767,38.299564361572266
52768,72.71453094482422
52769,109.4712142944336
52770,115.8249282836914
52771,50.155033111572266
52772,68.6727523803711
52773,57.1762580871582
52774,39.12934112548828
52775,50.70696258544922
52776,101.0775146484375
52777,266.3980712890625
52778,64.7254867553711
52779,54.31772994995117
52780,60.20657730102539
52781,57.9771728515625
52782,166.77928161621094
52783,68.23543548583984
52784,46.27458572387695
52785,271.45465087890625
52786,70.33128356933594
52787,55.26054000854492
52788,94.01519012451172
52789,71.18256378173828
52790,290.009765625
52791,43.13793182373047
52792,40.00766372680664
52793,198.47329711914062
52794,111.68681335449219
52795,45.03551483154297
52796,85.068359375
52797,56.69038772583008
52798,244.0027313232422
52799,106.90216064453125
52800,50.811561584472656
52801,120.52679443359375
52802,395.6075744628906
52803,27.460102081298828
52804,102.91265106201172
52805,75.80475616455078
52806,117.50497436523438
52807,53.039371490478516
52808,66.00495147705078
52809,166.05177307128906
52810,57.995853424072266
52811,42.975067138671875
52812,87.57062530517578
52813,38.1813850402832
52814,132.7344970703125
52815,189.89845275878906
52816,296.6390686035156
52817,128.7849578857422
52818,65.10084533691406
52819,259.1529846191406
52820,45.09708786010742
52821,143.47564697265625
52822,60.68903732299805
52823,15.569500923156738
52824,55.10830307006836
52825,34.14457321166992
52826,54.81026840209961
52827,52.47185134887695
52828,44.12749099731445
52829,57.28644561767578
52830,74.49746704101562
52831,45.280826568603516
52832,123.77104949951172
52833,240.53834533691406
52834,75.45263671875
52835,52.54883575439453
52836,44.388206481933594
52837,61.953285217285156
52838,51.690223693847656
52839,85.28170013427734
52840,53.022186279296875
52841,230.86192321777344
52842,56.76441955566406
52843,48.627723693847656
52844,64.43174743652344
52845,82.94900512695312
52846,51.36284637451172
52847,45.474056243896484
52848,27.59626579284668
52849,59.86355209350586
52850,111.30607604980469
52851,74.66554260253906
52852,56.932456970214844
52853,145.7025909423828
52854,54.792423248291016
52855,23.906396865844727
52856,81.9856185913086
52857,363.41058349609375
52858,117.59172821044922
52859,207.23484802246094
52860,82.31124877929688
52861,14.534944534301758
52862,40.469696044921875
52863,68.00321197509766
52864,85.42375183105469
52865,112.03179931640625
52866,77.03933715820312
52867,83.54737091064453
52868,55.5764045715332
52869,51.81626892089844
52870,108.32946014404297
52871,222.5606231689453
52872,171.43821716308594
52873,84.43873596191406
52874,53.88886642456055
52875,72.97551727294922
52876,241.92068481445312
52877,54.609066009521484
52878,74.62202453613281
52879,50.96358871459961
52880,52.97099304199219
52881,61.07683563232422
52882,85.08514404296875
52883,109.65013122558594
52884,95.65875244140625
52885,73.63113403320312
52886,61.032596588134766
52887,47.47597122192383
52888,88.02625274658203
52889,55.868927001953125
52890,112.87043762207031
52891,60.1644287109375
52892,27.734464645385742
52893,104.26958465576172
52894,40.62102508544922
52895,38.30193328857422
52896,59.09056091308594
52897,38.577152252197266
52898,56.450157165527344
52899,57.3312873840332
52900,120.93608856201172
52901,102.32111358642578
52902,75.50458526611328
52903,79.42446899414062
52904,60.37122344970703
52905,35.78392028808594
52906,83.24150085449219
52907,69.3608627319336
52908,34.542118072509766
52909,247.41909790039062
52910,30.825693130493164
52911,31.146469116210938
52912,135.41444396972656
52913,41.524349212646484
52914,129.3787078857422
52915,48.68309020996094
52916,58.905029296875
52917,235.9723358154297
52918,65.3490982055664
52919,129.27261352539062
52920,199.53936767578125
52921,29.084503173828125
52922,152.8612823486328
52923,32.040382385253906
52924,64.28582763671875
52925,67.81021881103516
52926,58.76309585571289
52927,57.660430908203125
52928,271.6150207519531
52929,78.92650604248047
52930,46.05094909667969
52931,69.3539047241211
52932,13.796591758728027
52933,24.419857025146484
52934,84.01752471923828
52935,178.22396850585938
52936,74.13037109375
52937,127.45842742919922
52938,98.60653686523438
52939,60.30349349975586
52940,48.471885681152344
52941,146.92776489257812
52942,136.36294555664062
52943,70.49510192871094
52944,50.409034729003906
52945,46.75321960449219
52946,50.47956848144531
52947,45.17344665527344
52948,65.991943359375
52949,143.29766845703125
52950,40.73161697387695
52951,54.72815704345703
52952,32.03498840332031
52953,51.65964126586914
52954,103.81517791748047
52955,25.651823043823242
52956,31.465740203857422
52957,82.7913589477539
52958,71.99337768554688
52959,148.98211669921875
52960,36.732330322265625
52961,61.595664978027344
52962,60.97861862182617
52963,62.946292877197266
52964,87.4091567993164
52965,62.034690856933594
52966,374.2514343261719
52967,54.40376281738281
52968,363.4022521972656
52969,39.3739013671875
52970,57.095489501953125
52971,47.579620361328125
52972,136.4654083251953
52973,277.9935607910156
52974,288.33514404296875
52975,398.6208190917969
52976,49.67033767700195
52977,79.91206359863281
52978,196.90452575683594
52979,41.13359069824219
52980,56.57621383666992
52981,30.414255142211914
52982,327.754150390625
52983,56.519134521484375
52984,67.8128890991211
52985,54.49538040161133
52986,31.08218765258789
52987,129.19561767578125
52988,288.4368896484375
52989,53.87577438354492
52990,36.04116439819336
52991,72.8424072265625
52992,54.182647705078125
52993,326.09832763671875
52994,47.09334945678711
52995,52.33250427246094
52996,70.20575714111328
52997,50.29631423950195
52998,180.70571899414062
52999,61.742088317871094
53000,41.32114791870117
53001,75.04266357421875
53002,159.6482696533203
53003,173.03488159179688
53004,271.3934326171875
53005,61.3314094543457
53006,54.28371810913086
53007,74.56362915039062
53008,51.29811096191406
53009,47.020111083984375
53010,57.59358596801758
53011,114.14035034179688
53012,38.38175964355469
53013,117.49695587158203
53014,395.0221252441406
53015,37.67022705078125
53016,273.8748474121094
53017,57.98815155029297
53018,31.49530029296875
53019,231.44813537597656
53020,157.185791015625
53021,107.59684753417969
53022,351.3662109375
53023,113.66229248046875
53024,47.45573425292969
53025,85.89439392089844
53026,33.71675109863281
53027,71.53871154785156
53028,112.76998901367188
53029,64.92263793945312
53030,26.483734130859375
53031,96.12651062011719
53032,56.36252212524414
53033,57.416927337646484
53034,266.6845397949219
53035,54.65232849121094
53036,50.82685852050781
53037,96.4754409790039
53038,56.99099349975586
53039,81.30718994140625
53040,54.389381408691406
53041,254.44378662109375
53042,139.77903747558594
53043,121.60525512695312
53044,49.643035888671875
53045,256.4339599609375
53046,43.96506881713867
53047,108.2022476196289
53048,59.39780807495117
53049,63.85909652709961
53050,123.73182678222656
53051,39.88747787475586
53052,88.61203002929688
53053,62.718868255615234
53054,81.87294006347656
53055,55.72980499267578
53056,55.69942092895508
53057,78.81938171386719
53058,440.4270935058594
53059,81.59027862548828
53060,312.0040588378906
53061,37.840980529785156
53062,83.71530151367188
53063,35.837371826171875
53064,112.74012756347656
53065,43.19744110107422
53066,260.37017822265625
53067,367.62664794921875
53068,428.30352783203125
53069,37.75297546386719
53070,79.08336639404297
53071,63.50480651855469
53072,133.42247009277344
53073,109.7309799194336
53074,69.76802062988281
53075,65.9099349975586
53076,119.07866668701172
53077,37.572052001953125
53078,48.64809799194336
53079,124.14631652832031
53080,67.48717498779297
53081,63.60370635986328
53082,145.22711181640625
53083,48.595279693603516
53084,95.3542251586914
53085,240.89328002929688
53086,62.05060958862305
53087,89.3310775756836
53088,65.70968627929688
53089,66.23434448242188
53090,45.887996673583984
53091,50.45958709716797
53092,120.49783325195312
53093,144.1889190673828
53094,46.42045593261719
53095,48.17658615112305
53096,112.07989501953125
53097,83.17138671875
53098,213.0010223388672
53099,89.3401107788086
53100,74.48876190185547
53101,61.458702087402344
53102,43.40578842163086
53103,268.6224060058594
53104,42.577362060546875
53105,54.90288543701172
53106,70.73023223876953
53107,66.74700164794922
53108,47.887420654296875
53109,84.89962005615234
53110,154.2830352783203
53111,260.83331298828125
53112,120.02778625488281
53113,75.88923645019531
53114,629.8696899414062
53115,85.00748443603516
53116,63.16328048706055
53117,68.04459381103516
53118,36.860626220703125
53119,206.3160858154297
53120,81.78040313720703
53121,114.3050765991211
53122,87.76783752441406
53123,253.9663848876953
53124,75.62136840820312
53125,74.5449447631836
53126,46.76970291137695
53127,56.87944412231445
53128,61.01661682128906
53129,53.40281295776367
53130,54.182464599609375
53131,37.9149284362793
53132,59.46809005737305
53133,117.00096130371094
53134,125.60282135009766
53135,113.43749237060547
53136,51.60152053833008
53137,44.50458526611328
53138,106.74594116210938
53139,54.85081100463867
53140,112.7600326538086
53141,76.07439422607422
53142,118.85920715332031
53143,31.232383728027344
53144,51.884437561035156
53145,189.21942138671875
53146,59.90541458129883
53147,160.4478302001953
53148,86.3690414428711
53149,74.36100769042969
53150,62.277626037597656
53151,200.89727783203125
53152,49.787681579589844
53153,54.754112243652344
53154,161.7934112548828
53155,116.44401550292969
53156,32.229759216308594
53157,33.6993408203125
53158,65.29643249511719
53159,33.69120407104492
53160,447.5785827636719
53161,162.52354431152344
53162,38.91880798339844
53163,75.5882797241211
53164,68.33927154541016
53165,83.41870880126953
53166,56.04996109008789
53167,33.45387649536133
53168,333.4639587402344
53169,133.181396484375
53170,60.67936706542969
53171,54.18283462524414
53172,98.04930114746094
53173,79.78276062011719
53174,64.73361206054688
53175,203.88352966308594
53176,63.542816162109375
53177,62.0644416809082
53178,69.73947143554688
53179,126.56938171386719
53180,95.0704345703125
53181,157.57814025878906
53182,51.93110275268555
53183,48.11336135864258
53184,76.22240447998047
53185,69.1389389038086
53186,70.52470397949219
53187,50.2682991027832
53188,422.1893005371094
53189,34.710121154785156
53190,42.030364990234375
53191,57.163143157958984
53192,36.69551467895508
53193,269.78369140625
53194,136.4954376220703
53195,43.000118255615234
53196,84.05979919433594
53197,45.16197204589844
53198,59.154075622558594
53199,97.58386993408203
53200,65.26012420654297
53201,125.87200927734375
53202,84.43450927734375
53203,62.6731071472168
53204,55.72660446166992
53205,59.02173614501953
53206,72.84109497070312
53207,126.5433120727539
53208,88.81322479248047
53209,35.91630554199219
53210,62.0868034362793
53211,99.91522979736328
53212,83.10791778564453
53213,152.60292053222656
53214,43.43791961669922
53215,51.21841812133789
53216,40.05038833618164
53217,57.18287658691406
53218,28.818084716796875
53219,134.96063232421875
53220,57.679603576660156
53221,71.96830749511719
53222,87.6488037109375
53223,99.0038833618164
53224,76.61361694335938
53225,294.7547302246094
53226,112.28272247314453
53227,43.781158447265625
53228,72.73889923095703
53229,82.94725799560547
53230,20.45748519897461
53231,140.97169494628906
53232,87.77277374267578
53233,126.8431625366211
53234,93.79586791992188
53235,256.5366516113281
53236,316.2017822265625
53237,50.30344009399414
53238,64.31321716308594
53239,83.19566345214844
53240,77.82431030273438
53241,76.08728790283203
53242,108.72907257080078
53243,111.08541870117188
53244,109.31391143798828
53245,58.92464828491211
53246,59.59137725830078
53247,86.54446411132812
53248,42.850135803222656
53249,57.62895584106445
53250,90.07915496826172
53251,65.04598999023438
53252,290.1153869628906
53253,49.23514175415039
53254,55.526371002197266
53255,88.89740753173828
53256,344.8291320800781
53257,90.06790161132812
53258,47.499385833740234
53259,48.4155158996582
53260,126.29476928710938
53261,300.5282287597656
53262,119.18291473388672
53263,173.0101776123047
53264,65.56924438476562
53265,139.46218872070312
53266,136.730712890625
53267,48.3742561340332
53268,113.45491027832031
53269,87.7748794555664
53270,350.80413818359375
53271,85.39111328125
53272,70.32039642333984
53273,72.6075668334961
53274,404.8865966796875
53275,83.8995132446289
53276,133.09124755859375
53277,46.95835494995117
53278,119.80845642089844
53279,221.9485321044922
53280,63.59336471557617
53281,29.275943756103516
53282,27.57910919189453
53283,38.04868698120117
53284,26.84128189086914
53285,52.83655548095703
53286,72.52687072753906
53287,49.28984832763672
53288,50.98717498779297
53289,70.865966796875
53290,24.701976776123047
53291,61.27290344238281
53292,47.41941833496094
53293,85.97848510742188
53294,31.33733558654785
53295,33.21113586425781
53296,77.06039428710938
53297,34.92546844482422
53298,94.28052520751953
53299,77.02667236328125
53300,55.247230529785156
53301,52.001102447509766
53302,64.14393615722656
53303,105.89498138427734
53304,168.31431579589844
53305,52.90359115600586
53306,44.27264404296875
53307,60.5901985168457
53308,100.23003387451172
53309,97.58062744140625
53310,97.74624633789062
53311,31.94472885131836
53312,73.6810073852539
53313,34.790985107421875
53314,118.07513427734375
53315,44.72224044799805
53316,58.382625579833984
53317,200.87448120117188
53318,218.7975311279297
53319,40.54772186279297
53320,71.09578704833984
53321,120.46617126464844
53322,104.64417266845703
53323,96.79373168945312
53324,88.72567749023438
53325,169.94163513183594
53326,83.348876953125
53327,295.97943115234375
53328,59.81585693359375
53329,176.01072692871094
53330,111.80813598632812
53331,55.157901763916016
53332,36.41004180908203
53333,47.604671478271484
53334,49.63834762573242
53335,101.73027038574219
53336,47.17439651489258
53337,72.81918334960938
53338,58.62983322143555
53339,305.1439514160156
53340,78.98261260986328
53341,439.4881896972656
53342,149.52491760253906
53343,107.96365356445312
53344,52.01108932495117
53345,58.31822967529297
53346,105.64066314697266
53347,318.2269592285156
53348,147.21754455566406
53349,338.41644287109375
53350,178.25009155273438
53351,198.65771484375
53352,51.62070846557617
53353,114.98764038085938
53354,94.91915893554688
53355,42.53215408325195
53356,49.476627349853516
53357,53.95240020751953
53358,43.77018356323242
53359,364.4779052734375
53360,151.20640563964844
53361,62.617218017578125
53362,224.45347595214844
53363,42.28493118286133
53364,127.87438201904297
53365,33.145206451416016
53366,60.37250518798828
53367,54.88731002807617
53368,63.91217041015625
53369,62.018043518066406
53370,189.50514221191406
53371,94.84165954589844
53372,52.45842361450195
53373,131.29403686523438
53374,81.05181884765625
53375,46.92007064819336
53376,54.55352783203125
53377,62.45771789550781
53378,141.1886749267578
53379,112.05224609375
53380,81.91246032714844
53381,79.24921417236328
53382,49.60499954223633
53383,77.2221908569336
53384,49.61484909057617
53385,454.3994445800781
53386,80.28043365478516
53387,58.74828338623047
53388,80.72065734863281
53389,62.04328155517578
53390,54.03649139404297
53391,167.0367889404297
53392,41.1946907043457
53393,58.765010833740234
53394,67.5044174194336
53395,44.82077407836914
53396,125.0148696899414
53397,32.58482360839844
53398,14.471466064453125
53399,49.035614013671875
53400,45.0330924987793
53401,153.84547424316406
53402,62.249603271484375
53403,79.96356201171875
53404,118.26380157470703
53405,316.58782958984375
53406,85.03844451904297
53407,74.03303527832031
53408,63.08953857421875
53409,60.30107879638672
53410,40.489864349365234
53411,74.9103012084961
53412,65.11479949951172
53413,63.79694747924805
53414,79.34223175048828
53415,50.03667449951172
53416,145.5002899169922
53417,75.07747650146484
53418,86.63166046142578
53419,60.65647888183594
53420,85.82133483886719
53421,118.28521728515625
53422,296.2661437988281
53423,141.1937713623047
53424,90.46556854248047
53425,272.6502990722656
53426,63.81709289550781
53427,93.44918060302734
53428,104.78299713134766
53429,52.24013900756836
53430,85.42581939697266
53431,52.97433090209961
53432,34.87165832519531
53433,399.5494689941406
53434,283.31390380859375
53435,65.90435028076172
53436,62.67556381225586
53437,33.29300308227539
53438,39.54226303100586
53439,59.5067253112793
53440,48.74134826660156
53441,90.06446838378906
53442,59.44831466674805
53443,29.25324058532715
53444,53.747283935546875
53445,35.54934310913086
53446,42.97978210449219
53447,35.76244354248047
53448,46.01897048950195
53449,113.62763214111328
53450,40.85197067260742
53451,71.07190704345703
53452,182.33189392089844
53453,128.9608154296875
53454,124.19835662841797
53455,72.08873748779297
53456,62.911537170410156
53457,55.37097930908203
53458,183.513427734375
53459,33.35173034667969
53460,45.514488220214844
53461,120.06578826904297
53462,106.91194152832031
53463,53.92778015136719
53464,92.33267211914062
53465,21.603816986083984
53466,75.50048828125
53467,44.938194274902344
53468,351.6655578613281
53469,111.71961212158203
53470,215.20680236816406
53471,518.785400390625
53472,38.018104553222656
53473,44.79270553588867
53474,46.744415283203125
53475,100.951171875
53476,38.7562141418457
53477,205.66705322265625
53478,64.08511352539062
53479,74.24903869628906
53480,146.6629638671875
53481,102.30316162109375
53482,74.94485473632812
53483,42.50574493408203
53484,79.46344757080078
53485,253.79824829101562
53486,192.19281005859375
53487,34.978424072265625
53488,77.25270080566406
53489,216.44163513183594
53490,57.258453369140625
53491,118.09062194824219
53492,55.91584014892578
53493,82.73380279541016
53494,47.49492645263672
53495,144.78359985351562
53496,122.8894271850586
53497,99.72875213623047
53498,42.23163604736328
53499,52.399505615234375
53500,71.81380462646484
53501,157.13072204589844
53502,48.967857360839844
53503,64.76466369628906
53504,502.9654235839844
53505,79.22434997558594
53506,77.3089828491211
53507,189.8325958251953
53508,49.134605407714844
53509,37.50343704223633
53510,111.7282485961914
53511,33.32666015625
53512,112.10111999511719
53513,45.33528518676758
53514,97.93116760253906
53515,53.99676513671875
53516,110.7062759399414
53517,221.08766174316406
53518,57.757667541503906
53519,69.48552703857422
53520,69.20068359375
53521,44.42326736450195
53522,65.89825439453125
53523,61.59652328491211
53524,59.584197998046875
53525,32.91025924682617
53526,32.02326202392578
53527,152.19869995117188
53528,134.01451110839844
53529,53.15596008300781
53530,57.444190979003906
53531,63.099246978759766
53532,78.41840362548828
53533,73.96187591552734
53534,32.84847640991211
53535,48.61370849609375
53536,159.99005126953125
53537,52.58308792114258
53538,222.31686401367188
53539,156.6656036376953
53540,59.441810607910156
53541,172.29884338378906
53542,54.06813430786133
53543,179.58419799804688
53544,49.41020584106445
53545,191.21714782714844
53546,42.60287094116211
53547,80.263671875
53548,132.2464141845703
53549,86.01298522949219
53550,57.656646728515625
53551,222.17514038085938
53552,65.93575286865234
53553,27.964641571044922
53554,85.65414428710938
53555,54.50669860839844
53556,51.24428176879883
53557,42.14449691772461
53558,13.633533477783203
53559,53.858314514160156
53560,226.9978485107422
53561,76.07583618164062
53562,130.73666381835938
53563,52.63331985473633
53564,58.65946578979492
53565,104.40835571289062
53566,73.29926300048828
53567,72.63542938232422
53568,84.53099822998047
53569,126.01366424560547
53570,121.60272979736328
53571,67.00447845458984
53572,31.368005752563477
53573,61.71552276611328
53574,43.58013153076172
53575,69.26361846923828
53576,104.74229431152344
53577,119.84119415283203
53578,96.19987487792969
53579,95.93795013427734
53580,111.70140075683594
53581,166.8618927001953
53582,91.0290756225586
53583,66.44488525390625
53584,127.8575668334961
53585,162.79348754882812
53586,39.50773239135742
53587,51.12413787841797
53588,57.797183990478516
53589,48.56807327270508
53590,49.536460876464844
53591,408.3722229003906
53592,100.47920227050781
53593,374.0132751464844
53594,82.32089233398438
53595,72.49254608154297
53596,129.6134033203125
53597,444.89862060546875
53598,61.12906265258789
53599,19.424867630004883
53600,56.750606536865234
53601,184.5004119873047
53602,42.84501647949219
53603,65.3538589477539
53604,146.06263732910156
53605,50.671836853027344
53606,81.0283432006836
53607,540.643798828125
53608,204.04241943359375
53609,388.14166259765625
53610,61.67082977294922
53611,96.35424041748047
53612,65.08210754394531
53613,69.59302520751953
53614,56.055511474609375
53615,44.392425537109375
53616,55.56246566772461
53617,157.44052124023438
53618,108.34712982177734
53619,220.1328125
53620,34.682518005371094
53621,76.22604370117188
53622,379.0108947753906
53623,43.05022430419922
53624,53.6965217590332
53625,59.299659729003906
53626,181.94082641601562
53627,71.08746337890625
53628,124.67654418945312
53629,67.44927215576172
53630,64.5576400756836
53631,71.19570922851562
53632,206.79298400878906
53633,68.4791488647461
53634,65.5255355834961
53635,53.41598129272461
53636,34.60892105102539
53637,40.81888961791992
53638,83.5645980834961
53639,58.28727340698242
53640,80.49461364746094
53641,56.28321838378906
53642,145.6658172607422
53643,57.59366989135742
53644,39.425926208496094
53645,52.54855728149414
53646,142.12278747558594
53647,107.26300048828125
53648,52.42900466918945
53649,67.45806884765625
53650,212.91966247558594
53651,83.6965103149414
53652,101.28498077392578
53653,53.40803527832031
53654,92.92233276367188
53655,50.78351974487305
53656,59.03596115112305
53657,106.31175994873047
53658,143.6591033935547
53659,44.519466400146484
53660,61.47472381591797
53661,353.2716369628906
53662,88.79804992675781
53663,171.7006378173828
53664,96.12134552001953
53665,375.5072326660156
53666,70.91999816894531
53667,48.96581268310547
53668,29.780879974365234
53669,119.74955749511719
53670,68.09456634521484
53671,162.532470703125
53672,44.03700256347656
53673,61.002830505371094
53674,55.56797790527344
53675,114.73259735107422
53676,34.63222885131836
53677,55.26341247558594
53678,122.19527435302734
53679,64.66841888427734
53680,197.64122009277344
53681,57.2404899597168
53682,67.2353515625
53683,52.869144439697266
53684,68.44192504882812
53685,129.05653381347656
53686,204.6732177734375
53687,54.440494537353516
53688,48.42316818237305
53689,160.95526123046875
53690,82.76909637451172
53691,52.816070556640625
53692,175.3893280029297
53693,69.40138244628906
53694,46.211299896240234
53695,49.24336624145508
53696,143.0345916748047
53697,297.70831298828125
53698,168.5951385498047
53699,74.41150665283203
53700,289.3092346191406
53701,126.07118225097656
53702,62.319374084472656
53703,41.97677230834961
53704,94.253173828125
53705,128.1690673828125
53706,100.28153991699219
53707,127.57249450683594
53708,38.61608123779297
53709,62.48566436767578
53710,58.87240219116211
53711,110.05988311767578
53712,24.578384399414062
53713,39.80036544799805
53714,33.41754150390625
53715,139.48045349121094
53716,28.810832977294922
53717,105.02151489257812
53718,188.93780517578125
53719,54.81011199951172
53720,56.412235260009766
53721,64.12201690673828
53722,51.12627029418945
53723,74.27661895751953
53724,45.320926666259766
53725,93.68543243408203
53726,217.12796020507812
53727,78.3874282836914
53728,55.36490249633789
53729,379.97454833984375
53730,29.149478912353516
53731,292.25592041015625
53732,48.73577880859375
53733,44.12348175048828
53734,69.4394302368164
53735,44.26667785644531
53736,162.35931396484375
53737,332.39361572265625
53738,43.11307144165039
53739,110.44623565673828
53740,114.60346221923828
53741,196.8427734375
53742,67.24772644042969
53743,77.68119049072266
53744,56.07957077026367
53745,94.09488677978516
53746,87.52130889892578
53747,120.7859115600586
53748,87.33619689941406
53749,108.88148498535156
53750,73.11256408691406
53751,60.828880310058594
53752,67.13121032714844
53753,66.42777252197266
53754,51.86532974243164
53755,112.29806518554688
53756,49.030364990234375
53757,58.170284271240234
53758,49.600791931152344
53759,103.22872924804688
53760,153.6072540283203
53761,22.06955337524414
53762,47.37156295776367
53763,71.53092956542969
53764,60.48067855834961
53765,62.587646484375
53766,48.72092056274414
53767,78.07462310791016
53768,164.25167846679688
53769,364.6429443359375
53770,63.44504928588867
53771,117.47354125976562
53772,331.771240234375
53773,38.73837661743164
53774,368.790771484375
53775,51.833770751953125
53776,54.30997848510742
53777,258.67242431640625
53778,380.784912109375
53779,49.61419677734375
53780,43.30112838745117
53781,94.25284576416016
53782,49.12568664550781
53783,51.74144744873047
53784,50.1002082824707
53785,41.89606475830078
53786,44.50233840942383
53787,86.30168914794922
53788,35.71624755859375
53789,75.38025665283203
53790,80.51075744628906
53791,57.608707427978516
53792,76.2896499633789
53793,35.37434768676758
53794,52.05191421508789
53795,47.61928939819336
53796,52.52206039428711
53797,48.466346740722656
53798,54.298213958740234
53799,73.22602081298828
53800,536.9310913085938
53801,65.79069519042969
53802,261.6726379394531
53803,88.8590316772461
53804,54.199771881103516
53805,99.06962585449219
53806,43.87700271606445
53807,39.49003219604492
53808,39.95201110839844
53809,109.87440490722656
53810,247.20755004882812
53811,44.06002426147461
53812,47.28410720825195
53813,41.81441879272461
53814,78.85364532470703
53815,127.6309814453125
53816,102.61429595947266
53817,49.84903335571289
53818,93.9455337524414
53819,80.31084442138672
53820,33.26948547363281
53821,52.435264587402344
53822,37.73571014404297
53823,206.8297119140625
53824,49.366519927978516
53825,38.56570053100586
53826,62.702877044677734
53827,110.28401184082031
53828,40.651123046875
53829,80.40604400634766
53830,60.78884506225586
53831,110.56619262695312
53832,60.448341369628906
53833,76.81082916259766
53834,231.1636505126953
53835,38.329158782958984
53836,118.30687713623047
53837,149.05796813964844
53838,145.126708984375
53839,208.1494140625
53840,49.55422592163086
53841,60.63889694213867
53842,64.1952133178711
53843,41.73619842529297
53844,417.93170166015625
53845,121.06364440917969
53846,17.060611724853516
53847,81.7891845703125
53848,52.11074447631836
53849,51.057472229003906
53850,105.00420379638672
53851,58.84370803833008
53852,443.01385498046875
53853,143.07704162597656
53854,94.38282012939453
53855,58.44497299194336
53856,171.6575927734375
53857,45.69050216674805
53858,81.23916625976562
53859,73.20164489746094
53860,63.32603454589844
53861,97.17569732666016
53862,42.21742248535156
53863,79.54959869384766
53864,41.67848205566406
53865,83.04045104980469
53866,86.11001586914062
53867,57.68018341064453
53868,45.79041290283203
53869,57.718475341796875
53870,92.05561065673828
53871,45.02613830566406
53872,62.942996978759766
53873,59.841121673583984
53874,32.87358093261719
53875,64.23919677734375
53876,91.00808715820312
53877,55.54758071899414
53878,99.14361572265625
53879,121.34489440917969
53880,53.117462158203125
53881,99.77082824707031
53882,55.3907470703125
53883,79.68608093261719
53884,52.197654724121094
53885,341.6384582519531
53886,126.95550537109375
53887,105.46192932128906
53888,73.6769027709961
53889,70.4315185546875
53890,130.5201416015625
53891,29.248903274536133
53892,52.15986251831055
53893,78.20262145996094
53894,228.30157470703125
53895,38.722572326660156
53896,52.27173614501953
53897,48.63698196411133
53898,53.20252227783203
53899,154.91897583007812
53900,123.29019165039062
53901,34.085052490234375
53902,285.72918701171875
53903,390.3990478515625
53904,50.1451301574707
53905,97.27935791015625
53906,71.90902709960938
53907,118.73751831054688
53908,59.42259216308594
53909,38.990081787109375
53910,47.38859939575195
53911,129.8758544921875
53912,311.2606201171875
53913,72.08856201171875
53914,34.018856048583984
53915,69.45711517333984
53916,71.75215148925781
53917,96.84461975097656
53918,51.89152145385742
53919,116.84406280517578
53920,75.922119140625
53921,54.179969787597656
53922,76.30852508544922
53923,65.63553619384766
53924,50.65863800048828
53925,91.52519989013672
53926,55.507320404052734
53927,64.89778900146484
53928,114.3428726196289
53929,98.34236907958984
53930,102.09429931640625
53931,59.74339294433594
53932,99.29996490478516
53933,104.35214233398438
53934,68.81256866455078
53935,91.20866394042969
53936,65.50089263916016
53937,28.090560913085938
53938,61.19857406616211
53939,46.17326736450195
53940,139.35964965820312
53941,52.533939361572266
53942,66.7688980102539
53943,95.29488372802734
53944,100.49063873291016
53945,149.93849182128906
